offer_name;offer_url_max;offer_price;url_cat_mini_2;cat_2;url_cat_mini;cat
Смартфон Samsung Galaxy A30s Black 32GB (SM-A307FN);https://www.eldorado.ru/cat/detail/smartfon-samsung-galaxy-a30s-black-32gb-sm-a307fn/;13990;/c/vse-smartfony/b/SAMSUNG/;Смартфоны Samsung;/d/smartfony-i-gadzhety/;Смартфоны и гаджеты
Смартфон Samsung Galaxy A30s Violet 32GB (SM-A307FN);https://www.eldorado.ru/cat/detail/smartfon-samsung-galaxy-a30s-violet-32gb-sm-a307fn/;13990;/c/vse-smartfony/b/SAMSUNG/;Смартфоны Samsung;/d/smartfony-i-gadzhety/;Смартфоны и гаджеты
Смартфон Samsung Galaxy A30s Black 64GB (SM-A307FN);https://www.eldorado.ru/cat/detail/smartfon-samsung-galaxy-a30s-black-64gb-sm-a307fn/;15990;/c/vse-smartfony/b/SAMSUNG/;Смартфоны Samsung;/d/smartfony-i-gadzhety/;Смартфоны и гаджеты
Смартфон Samsung Galaxy A30s White 32GB (SM-A307FN);https://www.eldorado.ru/cat/detail/smartfon-samsung-galaxy-a30s-white-32gb-sm-a307fn/;13990;/c/vse-smartfony/b/SAMSUNG/;Смартфоны Samsung;/d/smartfony-i-gadzhety/;Смартфоны и гаджеты
Смартфон Samsung Galaxy A30s Violet 64GB (SM-A307FN);https://www.eldorado.ru/cat/detail/smartfon-samsung-galaxy-a30s-violet-64gb-sm-a307fn/;15990;/c/vse-smartfony/b/SAMSUNG/;Смартфоны Samsung;/d/smartfony-i-gadzhety/;Смартфоны и гаджеты
Смартфон Samsung Galaxy A30s White 64GB (SM-A307FN);https://www.eldorado.ru/cat/detail/smartfon-samsung-galaxy-a30s-white-64gb-sm-a307fn/;15990;/c/vse-smartfony/b/SAMSUNG/;Смартфоны Samsung;/d/smartfony-i-gadzhety/;Смартфоны и гаджеты
Смартфон Samsung Galaxy A50 (2019) 64GB Black (SM-A505FN-DS);https://www.eldorado.ru/cat/detail/smartfon-samsung-galaxy-a50-2019-64gb-black-sm-a505fn-ds/;17990;/c/vse-smartfony/b/SAMSUNG/;Смартфоны Samsung;/d/smartfony-i-gadzhety/;Смартфоны и гаджеты
Смартфон Samsung Galaxy A50 (2019) 64GB White (SM-A505FN-DS);https://www.eldorado.ru/cat/detail/smartfon-samsung-galaxy-a50-2019-64gb-white-sm-a505fn-ds/;17990;/c/vse-smartfony/b/SAMSUNG/;Смартфоны Samsung;/d/smartfony-i-gadzhety/;Смартфоны и гаджеты
Смартфон Samsung Galaxy A50 (2019) 64GB Blue (SM-A505FN-DS);https://www.eldorado.ru/cat/detail/smartfon-samsung-galaxy-a50-2019-64gb-blue-sm-a505fn-ds/;17990;/c/vse-smartfony/b/SAMSUNG/;Смартфоны Samsung;/d/smartfony-i-gadzhety/;Смартфоны и гаджеты
Смартфон Samsung Galaxy A30 (2019) 32GB Black (SM-A305F/DS);https://www.eldorado.ru/cat/detail/smartfon-samsung-galaxy-a30-2019-32gb-black-sm-a305f-ds/;15990;/c/vse-smartfony/b/SAMSUNG/;Смартфоны Samsung;/d/smartfony-i-gadzhety/;Смартфоны и гаджеты
Смартфон Samsung Galaxy A30 (2019) 32GB Blue (SM-A305F/DS);https://www.eldorado.ru/cat/detail/smartfon-samsung-galaxy-a30-2019-32gb-blue-sm-a305f-ds/;15990;/c/vse-smartfony/b/SAMSUNG/;Смартфоны Samsung;/d/smartfony-i-gadzhety/;Смартфоны и гаджеты
Смартфон Samsung Galaxy A30 (2019) 32GB White (SM-A305F/DS);https://www.eldorado.ru/cat/detail/smartfon-samsung-galaxy-a30-2019-32gb-white-sm-a305f-ds/;15990;/c/vse-smartfony/b/SAMSUNG/;Смартфоны Samsung;/d/smartfony-i-gadzhety/;Смартфоны и гаджеты
Смартфон Samsung Galaxy A10 (2019) 32GB Black (SM-A105FN);https://www.eldorado.ru/cat/detail/smartfon-samsung-galaxy-a10-2019-32gb-black-sm-a105fn/;8990;/c/vse-smartfony/b/SAMSUNG/;Смартфоны Samsung;/d/smartfony-i-gadzhety/;Смартфоны и гаджеты
Смартфон Samsung Galaxy A10 (2019) 32GB Blue (SM-A105FN);https://www.eldorado.ru/cat/detail/smartfon-samsung-galaxy-a10-2019-32gb-blue-sm-a105fn/;8990;/c/vse-smartfony/b/SAMSUNG/;Смартфоны Samsung;/d/smartfony-i-gadzhety/;Смартфоны и гаджеты
Смартфон Samsung Galaxy A10 (2019) 32GB Red (SM-A105FN);https://www.eldorado.ru/cat/detail/smartfon-samsung-galaxy-a10-2019-32gb-red-sm-a105fn/;8990;/c/vse-smartfony/b/SAMSUNG/;Смартфоны Samsung;/d/smartfony-i-gadzhety/;Смартфоны и гаджеты
Смартфон Samsung Galaxy A30 64GB Blue (SM-A305FN/DS);https://www.eldorado.ru/cat/detail/smartfon-samsung-galaxy-a30-64gb-blue-sm-a305fn-ds/;17990;/c/vse-smartfony/b/SAMSUNG/;Смартфоны Samsung;/d/smartfony-i-gadzhety/;Смартфоны и гаджеты
Смартфон Samsung Galaxy A30 White (SM-A305FN/DS);https://www.eldorado.ru/cat/detail/smartfon-samsung-galaxy-a30-white-sm-a305fn-ds/;17990;/c/vse-smartfony/b/SAMSUNG/;Смартфоны Samsung;/d/smartfony-i-gadzhety/;Смартфоны и гаджеты
Смартфон Samsung Galaxy S10e Оникс (SM-G970F/DS);https://www.eldorado.ru/cat/detail/smartfon-samsung-galaxy-s10e-oniks-sm-g970f-ds/;49990;/c/vse-smartfony/b/SAMSUNG/;Смартфоны Samsung;/d/smartfony-i-gadzhety/;Смартфоны и гаджеты
Смартфон Samsung Galaxy S10e Цитрус (SM-G970F/DS);https://www.eldorado.ru/cat/detail/smartfon-samsung-galaxy-s10e-tsitrus-sm-g970f-ds/;49990;/c/vse-smartfony/b/SAMSUNG/;Смартфоны Samsung;/d/smartfony-i-gadzhety/;Смартфоны и гаджеты
Смартфон Samsung Galaxy S10 Перламутр (SM-G973F/DS);https://www.eldorado.ru/cat/detail/smartfon-samsung-galaxy-s10-perlamutr-sm-g973f-ds/;59990;/c/vse-smartfony/b/SAMSUNG/;Смартфоны Samsung;/d/smartfony-i-gadzhety/;Смартфоны и гаджеты
Смартфон Samsung Galaxy S10+ Оникс (SM-G975F/DS);https://www.eldorado.ru/cat/detail/smartfon-samsung-galaxy-s10plus-oniks-sm-g975f-ds/;69990;/c/vse-smartfony/b/SAMSUNG/;Смартфоны Samsung;/d/smartfony-i-gadzhety/;Смартфоны и гаджеты
Смартфон Samsung Galaxy S10e Аквамарин (SM-G970F/DS);https://www.eldorado.ru/cat/detail/smartfon-samsung-galaxy-s10e-akvamarin-sm-g970f-ds/;49990;/c/vse-smartfony/b/SAMSUNG/;Смартфоны Samsung;/d/smartfony-i-gadzhety/;Смартфоны и гаджеты
Смартфон Samsung Galaxy S8 Plus Black;https://www.eldorado.ru/cat/detail/smartfon-samsung-galaxy-s8-plus-black/;34990;/c/vse-smartfony/b/SAMSUNG/;Смартфоны Samsung;/d/smartfony-i-gadzhety/;Смартфоны и гаджеты
Смартфон Samsung Galaxy S8 Plus Violet;https://www.eldorado.ru/cat/detail/smartfon-samsung-galaxy-s8-plus-violet/;34990;/c/vse-smartfony/b/SAMSUNG/;Смартфоны Samsung;/d/smartfony-i-gadzhety/;Смартфоны и гаджеты
Смартфон Samsung Galaxy S9+ 64GB Черный бриллиант;https://www.eldorado.ru/cat/detail/smartfon-samsung-galaxy-s9-64gb-chernyy-brilliant/;33990;/c/vse-smartfony/b/SAMSUNG/;Смартфоны Samsung;/d/smartfony-i-gadzhety/;Смартфоны и гаджеты
Смартфон Samsung Galaxy S9 64GB Черный бриллиант;https://www.eldorado.ru/cat/detail/smartfon-samsung-galaxy-s9-64gb-chernyj-brilliant/;34990;/c/vse-smartfony/b/SAMSUNG/;Смартфоны Samsung;/d/smartfony-i-gadzhety/;Смартфоны и гаджеты
Смартфон Samsung Galaxy S9 64GB Ультрафиолет;https://www.eldorado.ru/cat/detail/smartfon-samsung-galaxy-s9-64gb-ultrafiolet/;34990;/c/vse-smartfony/b/SAMSUNG/;Смартфоны Samsung;/d/smartfony-i-gadzhety/;Смартфоны и гаджеты
Смартфон Samsung Galaxy S8 Violet;https://www.eldorado.ru/cat/detail/smartfon-samsung-galaxy-s8-violet/;31990;/c/vse-smartfony/b/SAMSUNG/;Смартфоны Samsung;/d/smartfony-i-gadzhety/;Смартфоны и гаджеты
Смартфон Samsung Galaxy S8 Gold;https://www.eldorado.ru/cat/detail/smartfon-samsung-galaxy-s8-gold/;31990;/c/vse-smartfony/b/SAMSUNG/;Смартфоны Samsung;/d/smartfony-i-gadzhety/;Смартфоны и гаджеты
Смартфон Samsung Galaxy S8 Red (SM-G950FZRDSER);https://www.eldorado.ru/cat/detail/smartfon-samsung-galaxy-s8-red-sm-g950fzrdser/;31990;/c/vse-smartfony/b/SAMSUNG/;Смартфоны Samsung;/d/smartfony-i-gadzhety/;Смартфоны и гаджеты
Смартфон Samsung Galaxy S9 64GB Титан;https://www.eldorado.ru/cat/detail/smartfon-samsung-galaxy-s9-64gb-titan/;34990;/c/vse-smartfony/b/SAMSUNG/;Смартфоны Samsung;/d/smartfony-i-gadzhety/;Смартфоны и гаджеты
Смартфон Samsung Galaxy S9+ 256GB Black;https://www.eldorado.ru/cat/detail/smartfon-samsung-galaxy-s9plus-256gb-black/;46990;/c/vse-smartfony/b/SAMSUNG/;Смартфоны Samsung;/d/smartfony-i-gadzhety/;Смартфоны и гаджеты
Смартфон Samsung Galaxy Note 9 512GB Медь;https://www.eldorado.ru/cat/detail/smartfon-samsung-galaxy-note-9-512gb-med/;79990;/c/vse-smartfony/b/SAMSUNG/;Смартфоны Samsung;/d/smartfony-i-gadzhety/;Смартфоны и гаджеты
Смартфон Samsung Galaxy S9+ 256GB Purple (SM-G965F/DS);https://www.eldorado.ru/cat/detail/smartfon-samsung-galaxy-s9-256gb-purple-sm-g965f-ds/;46990;/c/vse-smartfony/b/SAMSUNG/;Смартфоны Samsung;/d/smartfony-i-gadzhety/;Смартфоны и гаджеты
Смартфон Samsung Galaxy A70 (2019) 128GB Black (SM-A705FN/DSM);https://www.eldorado.ru/cat/detail/smartfon-samsung-galaxy-a70-2019-128gb-black-sm-a705fn-dsm/;25990;/c/vse-smartfony/b/SAMSUNG/;Смартфоны Samsung;/d/smartfony-i-gadzhety/;Смартфоны и гаджеты
Смартфон Samsung Galaxy A40 (2019) 64GB Black (SM-A405FM/DS);https://www.eldorado.ru/cat/detail/smartfon-samsung-galaxy-a40-2019-64gb-black-sm-a405fm-ds/;17990;/c/vse-smartfony/b/SAMSUNG/;Смартфоны Samsung;/d/smartfony-i-gadzhety/;Смартфоны и гаджеты
Смартфон Samsung Galaxy J2 Core 8GB Gold (SM-J260F/DS);https://www.eldorado.ru/cat/detail/smartfon-samsung-galaxy-j2-core-8gb-gold-sm-j260f-ds/;5990;/c/vse-smartfony/b/SAMSUNG/;Смартфоны Samsung;/d/smartfony-i-gadzhety/;Смартфоны и гаджеты
Смартфон Samsung Galaxy S10e Перламутр (SM-G970F/DS);https://www.eldorado.ru/cat/detail/smartfon-samsung-galaxy-s10e-perlamutr-sm-g970f-ds/;49990;/c/vse-smartfony/b/SAMSUNG/;Смартфоны Samsung;/d/smartfony-i-gadzhety/;Смартфоны и гаджеты
Смартфон Samsung Galaxy A20 (2019) 32GB Black (SM-A205FN);https://www.eldorado.ru/cat/detail/smartfon-samsung-galaxy-a20-2019-32gb-black-sm-a205fn/;12990;/c/vse-smartfony/b/SAMSUNG/;Смартфоны Samsung;/d/smartfony-i-gadzhety/;Смартфоны и гаджеты
Смартфон Samsung Galaxy S10 Оникс (SM-G973F/DS);https://www.eldorado.ru/cat/detail/smartfon-samsung-galaxy-s10-oniks-sm-g973f-ds/;59990;/c/vse-smartfony/b/SAMSUNG/;Смартфоны Samsung;/d/smartfony-i-gadzhety/;Смартфоны и гаджеты
Смартфон Samsung Galaxy J2 Core 8GB Black (SM-J260F/DS);https://www.eldorado.ru/cat/detail/smartfon-samsung-galaxy-j2-core-8gb-black-sm-j260f-ds/;5990;/c/vse-smartfony/b/SAMSUNG/;Смартфоны Samsung;/d/smartfony-i-gadzhety/;Смартфоны и гаджеты
Смартфон Samsung Galaxy A70 (2019) 128GB Blue (SM-A705FN/DSM);https://www.eldorado.ru/cat/detail/smartfon-samsung-galaxy-a70-2019-128gb-blue-sm-a705fn-dsm/;25990;/c/vse-smartfony/b/SAMSUNG/;Смартфоны Samsung;/d/smartfony-i-gadzhety/;Смартфоны и гаджеты
Смартфон Samsung Galaxy S10+ Перламутр (SM-G975F/DS);https://www.eldorado.ru/cat/detail/smartfon-samsung-galaxy-s10plus-perlamutr-sm-g975f-ds/;69990;/c/vse-smartfony/b/SAMSUNG/;Смартфоны Samsung;/d/smartfony-i-gadzhety/;Смартфоны и гаджеты
Смартфон Samsung Galaxy A20 (2019) 32GB Blue (SM-A205FN);https://www.eldorado.ru/cat/detail/smartfon-samsung-galaxy-a20-2019-32gb-blue-sm-a205fn/;12990;/c/vse-smartfony/b/SAMSUNG/;Смартфоны Samsung;/d/smartfony-i-gadzhety/;Смартфоны и гаджеты
Смартфон Samsung Galaxy A40 (2019) 64GB White (SM-A405FM/DS);https://www.eldorado.ru/cat/detail/smartfon-samsung-galaxy-a40-2019-64gb-white-sm-a405fm-ds/;17990;/c/vse-smartfony/b/SAMSUNG/;Смартфоны Samsung;/d/smartfony-i-gadzhety/;Смартфоны и гаджеты
Смартфон Samsung Galaxy A40 (2019) 64GB Blue (SM-A405FM/DS);https://www.eldorado.ru/cat/detail/smartfon-samsung-galaxy-a40-2019-64gb-blue-sm-a405fm-ds/;17990;/c/vse-smartfony/b/SAMSUNG/;Смартфоны Samsung;/d/smartfony-i-gadzhety/;Смартфоны и гаджеты
Смартфон Samsung Galaxy S10 Аквамарин (SM-G973F/DS);https://www.eldorado.ru/cat/detail/smartfon-samsung-galaxy-s10-akvamarin-sm-g973f-ds/;59990;/c/vse-smartfony/b/SAMSUNG/;Смартфоны Samsung;/d/smartfony-i-gadzhety/;Смартфоны и гаджеты
Смартфон Samsung Galaxy S10+ Аквамарин (SM-G975F/DS);https://www.eldorado.ru/cat/detail/smartfon-samsung-galaxy-s10-akvamarin-sm-g975f-ds/;69990;/c/vse-smartfony/b/SAMSUNG/;Смартфоны Samsung;/d/smartfony-i-gadzhety/;Смартфоны и гаджеты
Смартфон Samsung Galaxy A40 (2019) 64 GB Red (SM-A405FM/DS);https://www.eldorado.ru/cat/detail/smartfon-samsung-galaxy-a40-2019-64-gb-red-sm-a405fm-ds/;17990;/c/vse-smartfony/b/SAMSUNG/;Смартфоны Samsung;/d/smartfony-i-gadzhety/;Смартфоны и гаджеты
Смартфон Samsung Galaxy A20 (2019) 32GB Red (SM-A205FN);https://www.eldorado.ru/cat/detail/smartfon-samsung-galaxy-a20-2019-32gb-red-sm-a205fn/;12990;/c/vse-smartfony/b/SAMSUNG/;Смартфоны Samsung;/d/smartfony-i-gadzhety/;Смартфоны и гаджеты
Смартфон Samsung Galaxy Note 10+ Black (SM-N975F/DS);https://www.eldorado.ru/cat/detail/smartfon-samsung-galaxy-note-10-black-sm-n975f-ds/;89990;/c/vse-smartfony/b/SAMSUNG/;Смартфоны Samsung;/d/smartfony-i-gadzhety/;Смартфоны и гаджеты
Смартфон Samsung Galaxy Note 10+ Aura Glow (SM-N975F/DS);https://www.eldorado.ru/cat/detail/smartfon-samsung-galaxy-note-10-aura-glow-sm-n975f-ds/;89990;/c/vse-smartfony/b/SAMSUNG/;Смартфоны Samsung;/d/smartfony-i-gadzhety/;Смартфоны и гаджеты
Смартфон Samsung Galaxy A51 128GB Black (SM-A515F);https://www.eldorado.ru/cat/detail/smartfon-samsung-galaxy-a51-128gb-black-sm-a515f/;22990;/c/vse-smartfony/b/SAMSUNG/;Смартфоны Samsung;/d/smartfony-i-gadzhety/;Смартфоны и гаджеты
Смартфон Samsung Galaxy Note 10 Black (SM-N970F/DS);https://www.eldorado.ru/cat/detail/smartfon-samsung-galaxy-note-10-black-sm-n970f-ds/;76990;/c/vse-smartfony/b/SAMSUNG/;Смартфоны Samsung;/d/smartfony-i-gadzhety/;Смартфоны и гаджеты
Смартфон Samsung Galaxy Note 10 Aura Glow (SM-N970F/DS);https://www.eldorado.ru/cat/detail/smartfon-samsung-galaxy-note-10-aura-glow-sm-n970f-ds/;76990;/c/vse-smartfony/b/SAMSUNG/;Смартфоны Samsung;/d/smartfony-i-gadzhety/;Смартфоны и гаджеты
Смартфон Samsung Galaxy Note 10+ White (SM-N975F/DS);https://www.eldorado.ru/cat/detail/smartfon-samsung-galaxy-note-10-white-sm-n975f-ds/;89990;/c/vse-smartfony/b/SAMSUNG/;Смартфоны Samsung;/d/smartfony-i-gadzhety/;Смартфоны и гаджеты
Смартфон Samsung Galaxy S10+ Гранат (SM-G975F/DS);https://www.eldorado.ru/cat/detail/smartfon-samsung-galaxy-s10plus-granat-sm-g975f-ds/;69990;/c/vse-smartfony/b/SAMSUNG/;Смартфоны Samsung;/d/smartfony-i-gadzhety/;Смартфоны и гаджеты
Смартфон Samsung Galaxy S10 Гранат (SM-G973F/DS);https://www.eldorado.ru/cat/detail/smartfon-samsung-galaxy-s10-granat-sm-g973f-ds/;59990;/c/vse-smartfony/b/SAMSUNG/;Смартфоны Samsung;/d/smartfony-i-gadzhety/;Смартфоны и гаджеты
Смартфон Samsung Galaxy A51 64GB Black (SM-A515F);https://www.eldorado.ru/cat/detail/smartfon-samsung-galaxy-a51-64gb-black-sm-a515f/;19990;/c/vse-smartfony/b/SAMSUNG/;Смартфоны Samsung;/d/smartfony-i-gadzhety/;Смартфоны и гаджеты
Смартфон Samsung Galaxy A51 128GB White (SM-A515F);https://www.eldorado.ru/cat/detail/smartfon-samsung-galaxy-a51-128gb-white-sm-a515f/;22990;/c/vse-smartfony/b/SAMSUNG/;Смартфоны Samsung;/d/smartfony-i-gadzhety/;Смартфоны и гаджеты
Смартфон Samsung Galaxy A51 64GB White (SM-A515F);https://www.eldorado.ru/cat/detail/smartfon-samsung-galaxy-a51-64gb-white-sm-a515f/;19990;/c/vse-smartfony/b/SAMSUNG/;Смартфоны Samsung;/d/smartfony-i-gadzhety/;Смартфоны и гаджеты
Смартфон Samsung Galaxy Note 10 Red (SM-N970F/DS);https://www.eldorado.ru/cat/detail/smartfon-samsung-galaxy-note-10-red-sm-n970f-ds/;76990;/c/vse-smartfony/b/SAMSUNG/;Смартфоны Samsung;/d/smartfony-i-gadzhety/;Смартфоны и гаджеты
Смартфон Samsung Galaxy A20s Black 32GB (SM-A207F/DS);https://www.eldorado.ru/cat/detail/smartfon-samsung-galaxy-a20s-black-32gb-sm-a207f-ds/;12990;/c/vse-smartfony/b/SAMSUNG/;Смартфоны Samsung;/d/smartfony-i-gadzhety/;Смартфоны и гаджеты
Смартфон Samsung Galaxy A51 64GB Red (SM-A515F);https://www.eldorado.ru/cat/detail/smartfon-samsung-galaxy-a51-64gb-red-sm-a515f/;19990;/c/vse-smartfony/b/SAMSUNG/;Смартфоны Samsung;/d/smartfony-i-gadzhety/;Смартфоны и гаджеты
Смартфон Samsung Galaxy A20s Red 32GB (SM-A207F/DS);https://www.eldorado.ru/cat/detail/smartfon-samsung-galaxy-a20s-red-32gb-sm-a207f-ds/;12990;/c/vse-smartfony/b/SAMSUNG/;Смартфоны Samsung;/d/smartfony-i-gadzhety/;Смартфоны и гаджеты
Смартфон Samsung Galaxy S10+ 1TB Черная керамика (SM-G975F/DS);https://www.eldorado.ru/cat/detail/smartfon-samsung-galaxy-s10-1tb-ceramic-sm-g975f-ds/;79990;/c/vse-smartfony/b/SAMSUNG/;Смартфоны Samsung;/d/smartfony-i-gadzhety/;Смартфоны и гаджеты
Смартфон Samsung Galaxy A71 Black(SM-A715F/DSM);https://www.eldorado.ru/cat/detail/smartfon-samsung-galaxy-a71-black-sm-a715f-dsm/;29990;/c/vse-smartfony/b/SAMSUNG/;Смартфоны Samsung;/d/smartfony-i-gadzhety/;Смартфоны и гаджеты
Смартфон Samsung Galaxy A51 128GB Red (SM-A515F);https://www.eldorado.ru/cat/detail/smartfon-samsung-galaxy-a51-128gb-red-sm-a515f/;22990;/c/vse-smartfony/b/SAMSUNG/;Смартфоны Samsung;/d/smartfony-i-gadzhety/;Смартфоны и гаджеты
Смартфон Samsung Galaxy Note10 Lite Aura (SM-N770F/DSM);https://www.eldorado.ru/cat/detail/smartfon-samsung-galaxy-note10-lite-aura-sm-n770f-dsm/;39990;/c/vse-smartfony/b/SAMSUNG/;Смартфоны Samsung;/d/smartfony-i-gadzhety/;Смартфоны и гаджеты
Смартфон Samsung Galaxy Note10 Lite Black (SM-N770F/DSM);https://www.eldorado.ru/cat/detail/smartfon-samsung-galaxy-note10-lite-black-sm-n770f-dsm/;39990;/c/vse-smartfony/b/SAMSUNG/;Смартфоны Samsung;/d/smartfony-i-gadzhety/;Смартфоны и гаджеты
Смартфон Samsung Galaxy A20s Blue 32GB (SM-A207F/DS);https://www.eldorado.ru/cat/detail/smartfon-samsung-galaxy-a20s-blue-32gb-sm-a207f-ds/;12990;/c/vse-smartfony/b/SAMSUNG/;Смартфоны Samsung;/d/smartfony-i-gadzhety/;Смартфоны и гаджеты
Смартфон Samsung Galaxy Note10 Lite Red (SM-N770F/DSM);https://www.eldorado.ru/cat/detail/smartfon-samsung-galaxy-note10-lite-red-sm-n770f-dsm/;39990;/c/vse-smartfony/b/SAMSUNG/;Смартфоны Samsung;/d/smartfony-i-gadzhety/;Смартфоны и гаджеты
Смартфон Samsung Galaxy A50 (2019) 128GB Black (SM-A505FM-DS);https://www.eldorado.ru/cat/detail/smartfon-samsung-galaxy-a50-2019-128gb-black-sm-a505fm-ds/;19990;/c/vse-smartfony/b/SAMSUNG/;Смартфоны Samsung;/d/smartfony-i-gadzhety/;Смартфоны и гаджеты
Смартфон Samsung Galaxy A50 (2019) 128GB White (SM-A505FM-DS);https://www.eldorado.ru/cat/detail/smartfon-samsung-galaxy-a50-2019-128gb-white-sm-a505fm-ds/;19990;/c/vse-smartfony/b/SAMSUNG/;Смартфоны Samsung;/d/smartfony-i-gadzhety/;Смартфоны и гаджеты
Смартфон Samsung Galaxy A50 (2019) 128GB Blue (SM-A505FM/DS);https://www.eldorado.ru/cat/detail/smartfon-samsung-galaxy-a50-2019-128gb-blue-sm-a505fm-ds/;19990;/c/vse-smartfony/b/SAMSUNG/;Смартфоны Samsung;/d/smartfony-i-gadzhety/;Смартфоны и гаджеты
Смартфон Samsung Galaxy A30 Black (SM-A305FN/DS);https://www.eldorado.ru/cat/detail/smartfon-samsung-galaxy-a30-black-sm-a305fn-ds/;17990;/c/vse-smartfony/b/SAMSUNG/;Смартфоны Samsung;/d/smartfony-i-gadzhety/;Смартфоны и гаджеты
Смартфон Samsung Galaxy A8 2018 Blue (SM-A530FZBDSER);https://www.eldorado.ru/cat/detail/smartfon-samsung-galaxy-a8-2018-blue-sm-a530fzbdser/;15990;/c/vse-smartfony/b/SAMSUNG/;Смартфоны Samsung;/d/smartfony-i-gadzhety/;Смартфоны и гаджеты
Смартфон Samsung Galaxy A8 2018 Gold (SM-A530FZDDSER);https://www.eldorado.ru/cat/detail/smartfon-samsung-galaxy-a8-2018-gold-sm-a530fzddser/;15990;/c/vse-smartfony/b/SAMSUNG/;Смартфоны Samsung;/d/smartfony-i-gadzhety/;Смартфоны и гаджеты
Смартфон Samsung Galaxy J6+ 32GB Red (SM-J610FN/DS);https://www.eldorado.ru/cat/detail/smartfon-samsung-galaxy-j6-32gb-red-sm-j610fn-ds/;9990;/c/vse-smartfony/b/SAMSUNG/;Смартфоны Samsung;/d/smartfony-i-gadzhety/;Смартфоны и гаджеты
Смартфон Samsung Galaxy J4+ 32GB Gold (SM-J415FN/DS);https://www.eldorado.ru/cat/detail/smartfon-samsung-galaxy-j4-32gb-gold-sm-j415fn-ds/;9990;/c/vse-smartfony/b/SAMSUNG/;Смартфоны Samsung;/d/smartfony-i-gadzhety/;Смартфоны и гаджеты
Смартфон Samsung Galaxy A8+ 2018 Black (SM-A730FZKDSER);https://www.eldorado.ru/cat/detail/smartfon-samsung-galaxy-a8-2018-black-sm-a730fzkdser/;17990;/c/vse-smartfony/b/SAMSUNG/;Смартфоны Samsung;/d/smartfony-i-gadzhety/;Смартфоны и гаджеты
Смартфон Samsung Galaxy A8+ 2018 Gold (SM-A730FZDDSER);https://www.eldorado.ru/cat/detail/smartfon-samsung-galaxy-a8-plus-2018-gold-sm-a730fzddser/;17990;/c/vse-smartfony/b/SAMSUNG/;Смартфоны Samsung;/d/smartfony-i-gadzhety/;Смартфоны и гаджеты
Смартфон Samsung Galaxy A8+ 2018 Blue (SM-A730FZBDSER);https://www.eldorado.ru/cat/detail/smartfon-samsung-galaxy-a8plus-2018-blue-sm-a730fzbdser/;17990;/c/vse-smartfony/b/SAMSUNG/;Смартфоны Samsung;/d/smartfony-i-gadzhety/;Смартфоны и гаджеты
Смартфон Samsung Galaxy J7 Neo Silver (SM-J701FZSDSER);https://www.eldorado.ru/cat/detail/smartfon-samsung-galaxy-j7-neo-silver-sm-j701fzsdser/;9990;/c/vse-smartfony/b/SAMSUNG/;Смартфоны Samsung;/d/smartfony-i-gadzhety/;Смартфоны и гаджеты
Смартфон Samsung Galaxy J1 SM-J120F 2016 DS White;https://www.eldorado.ru/cat/detail/smartfon-samsung-galaxy-j1-sm-j120f-2016-ds-white/;6990;/c/vse-smartfony/b/SAMSUNG/;Смартфоны Samsung;/d/smartfony-i-gadzhety/;Смартфоны и гаджеты
Смартфон Samsung Galaxy J3 SM-J320F 2016 Gold;https://www.eldorado.ru/cat/detail/smartfon-samsung-galaxy-j3-sm-j320f-2016-gold/;7990;/c/vse-smartfony/b/SAMSUNG/;Смартфоны Samsung;/d/smartfony-i-gadzhety/;Смартфоны и гаджеты
Смартфон Samsung Galaxy J5 2016 Gold (SM-J510FZDUSER);https://www.eldorado.ru/cat/detail/smartfon-samsung-galaxy-j5-2016-gold-sm-j510fzduser/;9990;/c/vse-smartfony/b/SAMSUNG/;Смартфоны Samsung;/d/smartfony-i-gadzhety/;Смартфоны и гаджеты
Смартфон Samsung Galaxy J5 2016 Black (SM-J510FZKUSER);https://www.eldorado.ru/cat/detail/smartfon-samsung-galaxy-j5-2016-black-sm-j510fzkuser/;9990;/c/vse-smartfony/b/SAMSUNG/;Смартфоны Samsung;/d/smartfony-i-gadzhety/;Смартфоны и гаджеты
Смартфон Samsung Galaxy J2 Prime Gold (SM-G532FZDDSER);https://www.eldorado.ru/cat/detail/smartfon-samsung-galaxy-j2-prime-gold-sm-g532fzddser/;5210;/c/vse-smartfony/b/SAMSUNG/;Смартфоны Samsung;/d/smartfony-i-gadzhety/;Смартфоны и гаджеты
Смартфон Samsung Galaxy J2 2018 Black (SM-J250FZKDSER);https://www.eldorado.ru/cat/detail/smartfon-samsung-galaxy-j2-2018-black-sm-j250fzkdser/;6990;/c/vse-smartfony/b/SAMSUNG/;Смартфоны Samsung;/d/smartfony-i-gadzhety/;Смартфоны и гаджеты
Смартфон Samsung Galaxy A70 (2019) 128GB White (SM-A705FN/DSM);https://www.eldorado.ru/cat/detail/smartfon-samsung-galaxy-a70-2019-128gb-white-sm-a705fn-dsm/;25990;/c/vse-smartfony/b/SAMSUNG/;Смартфоны Samsung;/d/smartfony-i-gadzhety/;Смартфоны и гаджеты
Смартфон Samsung Galaxy A80 (2019) 128Gb Black (SM-A805F);https://www.eldorado.ru/cat/detail/smartfon-samsung-galaxy-a80-2019-128gb-black-sm-a805f/;29990;/c/vse-smartfony/b/SAMSUNG/;Смартфоны Samsung;/d/smartfony-i-gadzhety/;Смартфоны и гаджеты
Смартфон Samsung Galaxy A30 64GB Red (SM-A305FN/DS);https://www.eldorado.ru/cat/detail/smartfon-samsung-galaxy-a30-64gb-red-sm-a305fn-ds/;17990;/c/vse-smartfony/b/SAMSUNG/;Смартфоны Samsung;/d/smartfony-i-gadzhety/;Смартфоны и гаджеты
Смартфон Samsung Galaxy A80 (2019) 128GB Gold (SM-A805F);https://www.eldorado.ru/cat/detail/smartfon-samsung-galaxy-a80-2019-128gb-gold-sm-a805f/;29990;/c/vse-smartfony/b/SAMSUNG/;Смартфоны Samsung;/d/smartfony-i-gadzhety/;Смартфоны и гаджеты
Смартфон Samsung Galaxy A80 (2019) 128Gb Silver (SM-A805F);https://www.eldorado.ru/cat/detail/smartfon-samsung-galaxy-a80-2019-128gb-silver-sm-a805f/;29990;/c/vse-smartfony/b/SAMSUNG/;Смартфоны Samsung;/d/smartfony-i-gadzhety/;Смартфоны и гаджеты
Умные часы Samsung Galaxy Watch 46 mm Silver;https://www.eldorado.ru/cat/detail/umnye-chasy-samsung-galaxy-watch-46-mm-silver/;27490;/c/smart-chasy-i-braslety-samsung/;Смарт-часы и браслеты Samsung;/d/smartfony-i-gadzhety/;Смартфоны и гаджеты
Умные часы Samsung Galaxy Watch 42 mm Rose Gold;https://www.eldorado.ru/cat/detail/umnye-chasy-samsung-galaxy-watch-42-mm-rose-gold/;22490;/c/smart-chasy-i-braslety-samsung/;Смарт-часы и браслеты Samsung;/d/smartfony-i-gadzhety/;Смартфоны и гаджеты
Умные часы Samsung Galaxy Watch 42 mm Deep Black;https://www.eldorado.ru/cat/detail/umnye-chasy-samsung-galaxy-watch-42-mm-deep-black/;22490;/c/smart-chasy-i-braslety-samsung/;Смарт-часы и браслеты Samsung;/d/smartfony-i-gadzhety/;Смартфоны и гаджеты
Смарт-часы Samsung Galaxy Watch Active SM-R500 Нежная пудра;https://www.eldorado.ru/cat/detail/smart-chasy-samsung-galaxy-watch-active-sm-r500-nezhnaja-pudra/;16990;/c/smart-chasy-i-braslety-samsung/;Смарт-часы и браслеты Samsung;/d/smartfony-i-gadzhety/;Смартфоны и гаджеты
Смарт-часы Samsung Galaxy Watch Active 2 Ваниль (SM-R830);https://www.eldorado.ru/cat/detail/smart-chasy-samsung-galaxy-watch-active-2-vanil-sm-r830/;19990;/c/smart-chasy-i-braslety-samsung/;Смарт-часы и браслеты Samsung;/d/smartfony-i-gadzhety/;Смартфоны и гаджеты
Фитнес-трекер Samsung Galaxy Fit E Onyx (SM-R375);https://www.eldorado.ru/cat/detail/fitnes-treker-samsung-galaxy-fit-e-onyx-sm-r375/;2990;/c/smart-chasy-i-braslety-samsung/;Смарт-часы и браслеты Samsung;/d/smartfony-i-gadzhety/;Смартфоны и гаджеты
Смарт-часы Samsung Galaxy Watch Active 2 Арктика (SM-R830);https://www.eldorado.ru/cat/detail/smart-chasy-samsung-galaxy-watch-active-2-arktika-sm-r830/;19990;/c/smart-chasy-i-braslety-samsung/;Смарт-часы и браслеты Samsung;/d/smartfony-i-gadzhety/;Смартфоны и гаджеты
Смарт-часы Samsung Galaxy Watch Active SM-R500 Чёрный сатин;https://www.eldorado.ru/cat/detail/smart-chasy-samsung-galaxy-watch-active-sm-r500-chjornyj-satin/;16990;/c/smart-chasy-i-braslety-samsung/;Смарт-часы и браслеты Samsung;/d/smartfony-i-gadzhety/;Смартфоны и гаджеты
Смарт-часы Samsung Galaxy Watch Active SM-R500 Серебристый лёд;https://www.eldorado.ru/cat/detail/smart-chasy-samsung-galaxy-watch-active-sm-r500-serebristyy-lyed/;16990;/c/smart-chasy-i-braslety-samsung/;Смарт-часы и браслеты Samsung;/d/smartfony-i-gadzhety/;Смартфоны и гаджеты
Смарт-часы Samsung Galaxy Watch Active 2 Black (SM-R820);https://www.eldorado.ru/cat/detail/smart-chasy-samsung-galaxy-watch-active-2-lakritsa-sm-r820/;24990;/c/smart-chasy-i-braslety-samsung/;Смарт-часы и браслеты Samsung;/d/smartfony-i-gadzhety/;Смартфоны и гаджеты
Фитнес-трекер Samsung Galaxy Fit E Milk (SM-R375);https://www.eldorado.ru/cat/detail/fitnes-treker-samsung-galaxy-fit-e-milk-sm-r375/;2990;/c/smart-chasy-i-braslety-samsung/;Смарт-часы и браслеты Samsung;/d/smartfony-i-gadzhety/;Смартфоны и гаджеты
Смарт-часы Samsung Galaxy Watch Active 2 Лакрица (SM-R830);https://www.eldorado.ru/cat/detail/smart-chasy-samsung-galaxy-watch-active-2-lakritsa-sm-r830/;19990;/c/smart-chasy-i-braslety-samsung/;Смарт-часы и браслеты Samsung;/d/smartfony-i-gadzhety/;Смартфоны и гаджеты
Фитнес-браслет Samsung Galaxy Fit SM-R370 Silver;https://www.eldorado.ru/cat/detail/fitnes-braslet-samsung-galaxy-fit-sm-r370-silver/;6990;/c/smart-chasy-i-braslety-samsung/;Смарт-часы и браслеты Samsung;/d/smartfony-i-gadzhety/;Смартфоны и гаджеты
Смарт-часы Samsung Galaxy Watch Active SM-R500 Морская глубина;https://www.eldorado.ru/cat/detail/smart-chasy-samsung-galaxy-watch-active-sm-r500-morskaja-glubina/;16990;/c/smart-chasy-i-braslety-samsung/;Смарт-часы и браслеты Samsung;/d/smartfony-i-gadzhety/;Смартфоны и гаджеты
Фитнес-браслет Samsung Galaxy Fit SM-R370 Black;https://www.eldorado.ru/cat/detail/fitnes-braslet-samsung-galaxy-fit-sm-r370-black/;6990;/c/smart-chasy-i-braslety-samsung/;Смарт-часы и браслеты Samsung;/d/smartfony-i-gadzhety/;Смартфоны и гаджеты
Фитнес-трекер Samsung Galaxy Fit E Yellow (SM-R375);https://www.eldorado.ru/cat/detail/fitnes-treker-samsung-galaxy-fit-e-yellow-sm-r375/;2990;/c/smart-chasy-i-braslety-samsung/;Смарт-часы и браслеты Samsung;/d/smartfony-i-gadzhety/;Смартфоны и гаджеты
Смарт-часы Samsung Galaxy Watch Active 2 Silver (SM-R820);https://www.eldorado.ru/cat/detail/smart-chasy-samsung-galaxy-watch-active-2-arktika-sm-r820/;24990;/c/smart-chasy-i-braslety-samsung/;Смарт-часы и браслеты Samsung;/d/smartfony-i-gadzhety/;Смартфоны и гаджеты
Умные часы Samsung Gear S3 Frontier (SM-R760NDAASER);https://www.eldorado.ru/cat/detail/umnye-chasy-samsung-gear-s3-frontier-sm-r760ndaaser/;21990;/c/smart-chasy-i-braslety-samsung/;Смарт-часы и браслеты Samsung;/d/smartfony-i-gadzhety/;Смартфоны и гаджеты
Кабель InterStep IS-DC-0000000KA-000B202 USB - MicroUSB 1 м. Black;https://www.eldorado.ru/cat/detail/kabel-interstep-is-dc-0000000ka-000b202-usb-microusb-1-m-black/;299;/c/aksessuary-dlya-samsung-galaxy/;Аксессуары для Samsung Galaxy;/d/smartfony-i-gadzhety/;Смартфоны и гаджеты
Кабель InterStep для SAMSUNG Galaxy Tab;https://www.eldorado.ru/cat/detail/kabel-interstep-dlja-samsung-galaxy-tab/;399;/c/aksessuary-dlya-samsung-galaxy/;Аксессуары для Samsung Galaxy;/d/smartfony-i-gadzhety/;Смартфоны и гаджеты
Зарядное устройство Samsung EP-TA12EBEUGRU Black;https://www.eldorado.ru/cat/detail/zaryadnoe-ustroystvo-samsung-ep-ta12ebeugru-black/;990;/c/aksessuary-dlya-samsung-galaxy/;Аксессуары для Samsung Galaxy;/d/smartfony-i-gadzhety/;Смартфоны и гаджеты
Кабель передачи данных InterStep USB A-USB TYPE C;https://www.eldorado.ru/cat/detail/kabel-peredachi-dannyh-interstep-usb-a-usb-type-c/;390;/c/aksessuary-dlya-samsung-galaxy/;Аксессуары для Samsung Galaxy;/d/smartfony-i-gadzhety/;Смартфоны и гаджеты
Автомобильное зарядное устройство InterStep Combo: 2USB + отдельный дата-кабель (microUSB);https://www.eldorado.ru/cat/detail/avtomobilnoe-zaryadnoe-ustroystvo-interstep-combo-2usb-otdelnyy-data-kabel-microusb/;899;/c/aksessuary-dlya-samsung-galaxy/;Аксессуары для Samsung Galaxy;/d/smartfony-i-gadzhety/;Смартфоны и гаджеты
Зарядное устройство Samsung EP-TA20 White;https://www.eldorado.ru/cat/detail/zarjadnoe-ustrojstvo-samsung-ep-ta20-white/;1490;/c/aksessuary-dlya-samsung-galaxy/;Аксессуары для Samsung Galaxy;/d/smartfony-i-gadzhety/;Смартфоны и гаджеты
Сетевое зарядное устройство InterStep Combo RT: 2xUSB + кабель microUSB 2100 мА (IS-TC-MICRO2KRT-000B201);https://www.eldorado.ru/cat/detail/setevoe-zarjadnoe-ustrojstvo-interstep-combo-rt-2xusb-plus-kabel-microusb-2100-ma-is-tc-micro2krt-000b201/;799;/c/aksessuary-dlya-samsung-galaxy/;Аксессуары для Samsung Galaxy;/d/smartfony-i-gadzhety/;Смартфоны и гаджеты
Кабель InterStep USB 2.0 - microUSB 2.0 Nylon, 1 м, Silver;https://www.eldorado.ru/cat/detail/kabel-interstep-usb-2-0-microusb-2-0-nylon-1-m-silver/;499;/c/aksessuary-dlya-samsung-galaxy/;Аксессуары для Samsung Galaxy;/d/smartfony-i-gadzhety/;Смартфоны и гаджеты
Беспроводные наушники с микрофоном Samsung Galaxy Buds SM-R170 Cream;https://www.eldorado.ru/cat/detail/besprovodnye-naushniki-s-mikrofonom-samsung-galaxy-buds-sm-r170-cream/;9990;/c/aksessuary-dlya-samsung-galaxy/;Аксессуары для Samsung Galaxy;/d/smartfony-i-gadzhety/;Смартфоны и гаджеты
Защитное стекло с рамкой 2.5D InterStep для Samsung Galaxy A50, черная рамка (IS-TG-SAMA50FSB-000B202);https://www.eldorado.ru/cat/detail/zaschitnoe-steklo-s-ramkoj-2-5d-interstep-dlja-samsung-galaxy-a50-/;790;/c/aksessuary-dlya-samsung-galaxy/;Аксессуары для Samsung Galaxy;/d/smartfony-i-gadzhety/;Смартфоны и гаджеты
Кабель InterStep USB 2.0 - microUSB 2.0 Nylon, 1 м, Space Gray;https://www.eldorado.ru/cat/detail/kabel-interstep-usb-2-0-microusb-2-0-nylon-1-m-space-gray/;499;/c/aksessuary-dlya-samsung-galaxy/;Аксессуары для Samsung Galaxy;/d/smartfony-i-gadzhety/;Смартфоны и гаджеты
Автомобильное зарядное устройство Samsung EP-LN915U Black;https://www.eldorado.ru/cat/detail/avtomobilnoe-zarjadnoe-ustrojstvo-samsung-ep-ln915u-black/;1490;/c/aksessuary-dlya-samsung-galaxy/;Аксессуары для Samsung Galaxy;/d/smartfony-i-gadzhety/;Смартфоны и гаджеты
Беспроводные наушники с микрофоном Samsung Galaxy Buds SM-R170 Onyx;https://www.eldorado.ru/cat/detail/besprovodnye-naushniki-s-mikrofonom-samsung-galaxy-buds-sm-r170-onyx/;9990;/c/aksessuary-dlya-samsung-galaxy/;Аксессуары для Samsung Galaxy;/d/smartfony-i-gadzhety/;Смартфоны и гаджеты
Кабель InterStep microUSB - USB OTG 1 м;https://www.eldorado.ru/cat/detail/kabel-interstep-microusb-usb-otg-1-m/;299;/c/aksessuary-dlya-samsung-galaxy/;Аксессуары для Samsung Galaxy;/d/smartfony-i-gadzhety/;Смартфоны и гаджеты
Защитное стекло InterStep FSC для Samsung Galaxy A50 Black (IS-TG-SAMA50FSB-UA3B202);https://www.eldorado.ru/cat/detail/zaschitnoe-steklo-interstep-fsc-dlja-samsung-galaxy-a50-black-is-tg-sama50fsb-ua3b202/;999;/c/aksessuary-dlya-samsung-galaxy/;Аксессуары для Samsung Galaxy;/d/smartfony-i-gadzhety/;Смартфоны и гаджеты
Чехол InterStep Decor для Samsung Galaxy A50/А30s Black (HDC-SAGAA50K-NP1101O-K100);https://www.eldorado.ru/cat/detail/chehol-interstep-decor-dlja-samsung-galaxy-a50-black-hdc-sagaa50k-np1101o-k100/;690;/c/aksessuary-dlya-samsung-galaxy/;Аксессуары для Samsung Galaxy;/d/smartfony-i-gadzhety/;Смартфоны и гаджеты
Автомобильное зарядное устройство InterStep для Nokia 8600/7900 PRISM;https://www.eldorado.ru/cat/detail/avtomobilnoe-zaryadnoe-ustroystvo-interstep-dlya-nokia-8600-7900-prism/;344;/c/aksessuary-dlya-samsung-galaxy/;Аксессуары для Samsung Galaxy;/d/smartfony-i-gadzhety/;Смартфоны и гаджеты
Кабель витой InterStep USB 2.0 - microUSB 2.0, 2 м, Black (IS-DC-MCUSBCOIL-200B201);https://www.eldorado.ru/cat/detail/kabel-vitoy-interstep-usb-2-0-microusb-2-0-2-m-black-is-dc-mcusbcoil-200b201/;399;/c/aksessuary-dlya-samsung-galaxy/;Аксессуары для Samsung Galaxy;/d/smartfony-i-gadzhety/;Смартфоны и гаджеты
"Защитная пленка Red Line для Samsung Galaxy Tab A 9.7""";https://www.eldorado.ru/cat/detail/zashchitnaya-plenka-red-line-dlya-samsung-galaxy-tab-a-9-7/;399;/c/aksessuary-dlya-samsung-galaxy/;Аксессуары для Samsung Galaxy;/d/smartfony-i-gadzhety/;Смартфоны и гаджеты
Беспроводное зарядное устройство Samsung Wireless Charger Convertible Black (EP-PG950BBRGRU);https://www.eldorado.ru/cat/detail/besprovodnoe-zaryadnoe-ustroystvo-samsung-wireless-charger-convertible-black-ep-pg950bbrgru/;4290;/c/aksessuary-dlya-samsung-galaxy/;Аксессуары для Samsung Galaxy;/d/smartfony-i-gadzhety/;Смартфоны и гаджеты
Кабель InterStep USB - microUSB 2m Gold (IS-DC-MCUSB2GLD-000B201);https://www.eldorado.ru/cat/detail/kabel-interstep-usb-microusb-2m-gold-is-dc-mcusb2gld-000b201/;499;/c/aksessuary-dlya-samsung-galaxy/;Аксессуары для Samsung Galaxy;/d/smartfony-i-gadzhety/;Смартфоны и гаджеты
Защитное стекло с рамкой 2.5D InterStep для Samsung Galaxy A6 Plus Black;https://www.eldorado.ru/cat/detail/zaschitnoe-steklo-s-ramkoj-2-5d-interstep-dlja-samsung-galaxy-a6-plus-black/;10;/c/aksessuary-dlya-samsung-galaxy/;Аксессуары для Samsung Galaxy;/d/smartfony-i-gadzhety/;Смартфоны и гаджеты
Защитное стекло с рамкой 2.5D InterStep для Samsung Galaxy A6 Black;https://www.eldorado.ru/cat/detail/zashchitnoe-steklo-s-ramkoy-2-5d-interstep-dlya-samsung-galaxy-a6-black/;90;/c/aksessuary-dlya-samsung-galaxy/;Аксессуары для Samsung Galaxy;/d/smartfony-i-gadzhety/;Смартфоны и гаджеты
Кабель InterStep USB 2.0 - microUSB 2.0 Nylon, 1 м, Gold;https://www.eldorado.ru/cat/detail/kabel-interstep-usb-2-0-microusb-2-0-nylon-1-m-gold/;390;/c/aksessuary-dlya-samsung-galaxy/;Аксессуары для Samsung Galaxy;/d/smartfony-i-gadzhety/;Смартфоны и гаджеты
Защитное стекло с рамкой 3D InterStep для Samsung Galaxy A8, черная рамка (IS-TG-SAMA83DBL-000B202);https://www.eldorado.ru/cat/detail/zaschitnoe-steklo-s-ramkoj-3d-interstep-dlja-samsung-galaxy-a8-chernaja-ramka-is-tg-sama83dbl-000b202/;190;/c/aksessuary-dlya-samsung-galaxy/;Аксессуары для Samsung Galaxy;/d/smartfony-i-gadzhety/;Смартфоны и гаджеты
Защитное стекло с рамкой 2.5D InterStep для Samsung Galaxy A7 2018, черная рамка (IS-TG-SAMA718FB-000B202);https://www.eldorado.ru/cat/detail/zashchitnoe-steklo-s-ramkoy-2-5d-interstep-dlya-samsung-galaxy-a7-2018-chernaya-ramka-is-tg-sama718fb-000b202/;190;/c/aksessuary-dlya-samsung-galaxy/;Аксессуары для Samsung Galaxy;/d/smartfony-i-gadzhety/;Смартфоны и гаджеты
Закаленное стекло Func sSteel-50 для Samsung Galaxy J2 Prime 2016;https://www.eldorado.ru/cat/detail/zakalennoe-steklo-func-ssteel-50-dlya-samsung-galaxy-j2-prime-2016/;10;/c/aksessuary-dlya-samsung-galaxy/;Аксессуары для Samsung Galaxy;/d/smartfony-i-gadzhety/;Смартфоны и гаджеты
Беспроводное зарядное устройство Samsung EP-N5100 Black (EP-N5100BBRGRU);https://www.eldorado.ru/cat/detail/besprovodnoe-zarjadnoe-ustrojstvo-samsung-ep-n5100-black-ep-n5100bbrgru/;3590;/c/aksessuary-dlya-samsung-galaxy/;Аксессуары для Samsung Galaxy;/d/smartfony-i-gadzhety/;Смартфоны и гаджеты
"Защитная пленка Red Line для Samsung Galaxy Tab E 9.6""";https://www.eldorado.ru/cat/detail/zashchitnaya-plenka-red-line-dlya-samsung-galaxy-tab-e-9-6/;399;/c/aksessuary-dlya-samsung-galaxy/;Аксессуары для Samsung Galaxy;/d/smartfony-i-gadzhety/;Смартфоны и гаджеты
Защитное стекло с рамкой 2.5D InterStep для Samsung Galaxy J5 2017, черная рамка (IS-TG-SAMGJ53BL-000B202);https://www.eldorado.ru/cat/detail/zaschitnoe-steklo-s-ramkoj-2-5d-interstep-dlja-samsung-galaxy-j5-2017-chernaja-ramka-is-tg-samgj53bl-000b202/;10;/c/aksessuary-dlya-samsung-galaxy/;Аксессуары для Samsung Galaxy;/d/smartfony-i-gadzhety/;Смартфоны и гаджеты
Защитное стекло 2.5D InterStep для Samsung Galaxy J4+/J6+, черная рамка (IS-TG-SAMJ46PFB-000B202);https://www.eldorado.ru/cat/detail/zaschitnoe-steklo-2-5d-interstep-dlja-samsung-galaxy-j4plus-j6plus-chernaja-ramka-is-tg-samj46pfb-000b202/;90;/c/aksessuary-dlya-samsung-galaxy/;Аксессуары для Samsung Galaxy;/d/smartfony-i-gadzhety/;Смартфоны и гаджеты
Защитное стекло с рамкой 2.5D InterStep для Samsung Galaxy A30, черная рамка (IS-TG-SAMA30FSB-000B202);https://www.eldorado.ru/cat/detail/zaschitnoe-steklo-s-ramkoj-2-5d-interstep-dlja-samsung-galaxy-a30-chernaja-ramka-is-tg-sama30fsb-000b202/;790;/c/aksessuary-dlya-samsung-galaxy/;Аксессуары для Samsung Galaxy;/d/smartfony-i-gadzhety/;Смартфоны и гаджеты
"Защитная пленка Red Line для Samsung Galaxy Tab A 8""";https://www.eldorado.ru/cat/detail/zashchitnaya-plenka-red-line-dlya-samsung-galaxy-tab-a-8/;349;/c/aksessuary-dlya-samsung-galaxy/;Аксессуары для Samsung Galaxy;/d/smartfony-i-gadzhety/;Смартфоны и гаджеты
Чехол InterStep Slender для Samsung Galaxy A8, прозрачный (HSD-SAGALA8K-NP1100O-K100);https://www.eldorado.ru/cat/detail/chekhol-interstep-slender-dlya-samsung-galaxy-a8-prozrachnyy-hsd-sagala8k-np1100o-k100/;10;/c/aksessuary-dlya-samsung-galaxy/;Аксессуары для Samsung Galaxy;/d/smartfony-i-gadzhety/;Смартфоны и гаджеты
Чехол Samsung Wallet Cover для Samsung Galaxy A6 (2018) Black (EF-WA600CBEGRU);https://www.eldorado.ru/cat/detail/chehol-samsung-wallet-cover-dlja-samsung-galaxy-a6-2018-black-ef-wa600cbegru/;90;/c/aksessuary-dlya-samsung-galaxy/;Аксессуары для Samsung Galaxy;/d/smartfony-i-gadzhety/;Смартфоны и гаджеты
Защитное стекло с рамкой 2.5D InterStep для Samsung Galaxy J6 2018 Black;https://www.eldorado.ru/cat/detail/zaschitnoe-steklo-s-ramkoj-2-5d-interstep-dlja-samsung-galaxy-j6-2018-black/;10;/c/aksessuary-dlya-samsung-galaxy/;Аксессуары для Samsung Galaxy;/d/smartfony-i-gadzhety/;Смартфоны и гаджеты
Беспроводные наушники с микрофоном Samsung Galaxy Buds Silver (SM-R170);https://www.eldorado.ru/cat/detail/besprovodnye-naushniki-s-mikrofonom-samsung-galaxy-buds-silver-sm-r170/;9990;/c/aksessuary-dlya-samsung-galaxy/;Аксессуары для Samsung Galaxy;/d/smartfony-i-gadzhety/;Смартфоны и гаджеты
Защитное стекло InterStep FSC для Samsung Galaxy A10 Black (IS-TG-SAMA10FSB-UA3B202);https://www.eldorado.ru/cat/detail/zashchitnoe-steklo-interstep-fsc-dlya-samsung-galaxy-a10-black-is-tg-sama10fsb-ua3b202/;999;/c/aksessuary-dlya-samsung-galaxy/;Аксессуары для Samsung Galaxy;/d/smartfony-i-gadzhety/;Смартфоны и гаджеты
Чехол InterStep Slender для Samsung Galaxy A6+ прозрачный (HSD-SAGLA6PK-NP1100O-K100);https://www.eldorado.ru/cat/detail/chekhol-interstep-slender-dlya-samsung-galaxy-a6-prozrachnyy-hsd-sagla6pk-np1100o-k100/;10;/c/aksessuary-dlya-samsung-galaxy/;Аксессуары для Samsung Galaxy;/d/smartfony-i-gadzhety/;Смартфоны и гаджеты
Защитное стекло с рамкой 2.5D InterStep для Samsung Galaxy J3 2017, черная рамка (IS-TG-SAMGJ33BL-000B202);https://www.eldorado.ru/cat/detail/zashchitnoe-steklo-s-ramkoy-2-5d-interstep-dlya-samsung-galaxy-j3-2017-chernaya-ramka-is-tg-samgj33bl-000b202/;10;/c/aksessuary-dlya-samsung-galaxy/;Аксессуары для Samsung Galaxy;/d/smartfony-i-gadzhety/;Смартфоны и гаджеты
Защитное стекло с рамкой 2.5D InterStep для Samsung Galaxy J4 2018 Black;https://www.eldorado.ru/cat/detail/zashchitnoe-steklo-s-ramkoy-2-5d-interstep-dlya-samsung-galaxy-j4-2018-black/;10;/c/aksessuary-dlya-samsung-galaxy/;Аксессуары для Samsung Galaxy;/d/smartfony-i-gadzhety/;Смартфоны и гаджеты
Зарядное устройство Qumo PowerAid Qi Stand Charger;https://www.eldorado.ru/cat/detail/zarjadnoe-ustrojstvo-qumo-poweraid-qi-stand-charger/;599;/c/aksessuary-dlya-samsung-galaxy/;Аксессуары для Samsung Galaxy;/d/smartfony-i-gadzhety/;Смартфоны и гаджеты
Защитное стекло с рамкой 2.5D InterStep для Samsung Galaxy J4 2018 Gold;https://www.eldorado.ru/cat/detail/zashchitnoe-steklo-s-ramkoy-2-5d-interstep-dlya-samsung-galaxy-j4-2018-gold/;10;/c/aksessuary-dlya-samsung-galaxy/;Аксессуары для Samsung Galaxy;/d/smartfony-i-gadzhety/;Смартфоны и гаджеты
Чехол InterStep Decor для Samsung Galaxy A50/А30s Blue (HDC-SAGAA50K-NP1108O-K100);https://www.eldorado.ru/cat/detail/chekhol-interstep-decor-dlya-samsung-galaxy-a50-blue-hdc-sagaa50k-np1108o-k100/;690;/c/aksessuary-dlya-samsung-galaxy/;Аксессуары для Samsung Galaxy;/d/smartfony-i-gadzhety/;Смартфоны и гаджеты
Чехол InterStep Tex-Met для Samsung Galaxy A8 (2018) Grey (HTM-SAGALA8K-NP1112O-K100);https://www.eldorado.ru/cat/detail/chehol-interstep-tex-met-dlja-samsung-galaxy-a8-2018-grey-htm-sagala8k-np1112o-k100/;10;/c/aksessuary-dlya-samsung-galaxy/;Аксессуары для Samsung Galaxy;/d/smartfony-i-gadzhety/;Смартфоны и гаджеты
Чехол Samsung Gradation Cover для Samsung Galaxy A50 Violet (EF-AA505CVEGRU);https://www.eldorado.ru/cat/detail/chehol-samsung-gradation-cover-dlja-samsung-galaxy-a50-violet-ef-aa505cvegru/;1499;/c/aksessuary-dlya-samsung-galaxy/;Аксессуары для Samsung Galaxy;/d/smartfony-i-gadzhety/;Смартфоны и гаджеты
Чехол Samsung Silicone Cover для Samsung Galaxy S9+ Black (EF-PG965TBEGRU);https://www.eldorado.ru/cat/detail/chekhol-samsung-silicone-cover-dlya-samsung-galaxy-s9-black-ef-pg965tbegru/;690;/c/aksessuary-dlya-samsung-galaxy/;Аксессуары для Samsung Galaxy;/d/smartfony-i-gadzhety/;Смартфоны и гаджеты
Чехол InterStep Rainbow для Samsung Galaxy A10 Black (HRB-SAGAA10K-NP1101O-K100);https://www.eldorado.ru/cat/detail/chekhol-interstep-rainbow-dlya-samsung-galaxy-a10-black-hrb-sagaa10k-np1101o-k100/;990;/c/aksessuary-dlya-samsung-galaxy/;Аксессуары для Samsung Galaxy;/d/smartfony-i-gadzhety/;Смартфоны и гаджеты
Чехол InterStep Slender для Samsung Galaxy J4, прозрачный (HSD-SAGALJ4K-NP1100O-K100);https://www.eldorado.ru/cat/detail/chekhol-interstep-slender-dlya-samsung-galaxy-j4-prozrachnyy-hsd-sagalj4k-np1100o-k100/;10;/c/aksessuary-dlya-samsung-galaxy/;Аксессуары для Samsung Galaxy;/d/smartfony-i-gadzhety/;Смартфоны и гаджеты
Сетевое зарядное устройство Samsung USB Type-C с функцией быстрой зарядки Black (EP-TA300CBEGRU);https://www.eldorado.ru/cat/detail/setevoe-zarjadnoe-ustrojstvo-samsung-usb-type-c-s-funktsiej-bystroj-zarjadki-black-ep-ta300cbegru/;1690;/c/aksessuary-dlya-samsung-galaxy/;Аксессуары для Samsung Galaxy;/d/smartfony-i-gadzhety/;Смартфоны и гаджеты
Беспроводное зарядное устройство Rombica NEO Q3;https://www.eldorado.ru/cat/detail/besprovodnoe-zaryadnoe-ustroystvo-rombica-neo-q3/;999;/c/aksessuary-dlya-samsung-galaxy/;Аксессуары для Samsung Galaxy;/d/smartfony-i-gadzhety/;Смартфоны и гаджеты
Чехол Samsung Clear View Standing Cover для Samsung Galaxy S9 Orchid Gray (EF-ZG960CVEGRU);https://www.eldorado.ru/cat/detail/chekhol-samsung-clear-view-standing-cover-dlya-samsung-galaxy-s9-orchid-gray-ef-zg960cvegru/;990;/c/aksessuary-dlya-samsung-galaxy/;Аксессуары для Samsung Galaxy;/d/smartfony-i-gadzhety/;Смартфоны и гаджеты
Защитное стекло 2.5D InterStep для Samsung Galaxy A10, черная рамка;https://www.eldorado.ru/cat/detail/zaschitnoe-steklo-2-5d-interstep-dlja-samsung-galaxy-a10-chernaja-ramka/;799;/c/aksessuary-dlya-samsung-galaxy/;Аксессуары для Samsung Galaxy;/d/smartfony-i-gadzhety/;Смартфоны и гаджеты
Беспроводные наушники с микрофоном Samsung Galaxy Buds SM-R170 Citrus;https://www.eldorado.ru/cat/detail/besprovodnye-naushniki-s-mikrofonom-samsung-galaxy-buds-sm-r170-citrus/;9990;/c/aksessuary-dlya-samsung-galaxy/;Аксессуары для Samsung Galaxy;/d/smartfony-i-gadzhety/;Смартфоны и гаджеты
Чехол InterStep Decor EL для Samsung Galaxy A30s/А50 Black (IS-FCC-SAGA0A30S-DC01O-ELBT00);https://www.eldorado.ru/cat/detail/chekhol-interstep-decor-el-dlya-samsung-galaxy-a30s-black-is-fcc-saga0a30s-dc01o-elbt00/;990;/c/aksessuary-dlya-samsung-galaxy/;Аксессуары для Samsung Galaxy;/d/smartfony-i-gadzhety/;Смартфоны и гаджеты
Чехол Samsung Wallet Cover для Samsung Galaxy A7 (2018) Black (EF-WA750PBEGRU);https://www.eldorado.ru/cat/detail/chekhol-samsung-wallet-cover-dlya-samsung-galaxy-a7-2018-black-ef-wa750pbegru/;390;/c/aksessuary-dlya-samsung-galaxy/;Аксессуары для Samsung Galaxy;/d/smartfony-i-gadzhety/;Смартфоны и гаджеты
Защитное стекло InterStep FSC для Samsung Galaxy A70 Black (IS-TG-SAMA70FSB-UA3B202);https://www.eldorado.ru/cat/detail/zashchitnoe-steklo-interstep-fsc-dlya-samsung-galaxy-a70-black-is-tg-sama70fsb-ua3b202/;999;/c/aksessuary-dlya-samsung-galaxy/;Аксессуары для Samsung Galaxy;/d/smartfony-i-gadzhety/;Смартфоны и гаджеты
Защитное стекло 2.5D InterStep для Samsung Galaxy A40, черная рамка (IS-TG-SAMA40FSB-000B202);https://www.eldorado.ru/cat/detail/zaschitnoe-steklo-2-5d-interstep-dlja-samsung-galaxy-a40-chernaja-ramka-is-tg-sama40fsb-000b202/;799;/c/aksessuary-dlya-samsung-galaxy/;Аксессуары для Samsung Galaxy;/d/smartfony-i-gadzhety/;Смартфоны и гаджеты
Защитное стекло 2.5D InterStep для Samsung Galaxy A20, черная рамка (IS-TG-SAMA20FSB-000B202);https://www.eldorado.ru/cat/detail/zashchitnoe-steklo-2-5d-interstep-dlya-samsung-galaxy-a20-chernaya-ramka-is-tg-sama20fsb-000b202/;590;/c/aksessuary-dlya-samsung-galaxy/;Аксессуары для Samsung Galaxy;/d/smartfony-i-gadzhety/;Смартфоны и гаджеты
Чехол Samsung Clear View Standing Cover для Samsung Galaxy S9+ Black (EF-ZG965CBEGRU);https://www.eldorado.ru/cat/detail/chehol-samsung-clear-view-standing-cover-dlja-samsung-galaxy-s9plus-black-ef-zg965cbegru/;1590;/c/aksessuary-dlya-samsung-galaxy/;Аксессуары для Samsung Galaxy;/d/smartfony-i-gadzhety/;Смартфоны и гаджеты
Сетевое зарядное устройство Samsung USB Type-C Black (EP-TA20EBECGRU);https://www.eldorado.ru/cat/detail/setevoe-zarjadnoe-ustrojstvo-samsung-usb-type-c-black-ep-ta20ebecgru/;1490;/c/aksessuary-dlya-samsung-galaxy/;Аксессуары для Samsung Galaxy;/d/smartfony-i-gadzhety/;Смартфоны и гаджеты
Беспроводное зарядное устройство Samsung EP-P3100 Black;https://www.eldorado.ru/cat/detail/besprovodnoe-zaryadnoe-ustroystvo-samsung-ep-p3100-black/;3990;/c/aksessuary-dlya-samsung-galaxy/;Аксессуары для Samsung Galaxy;/d/smartfony-i-gadzhety/;Смартфоны и гаджеты
Чехол Samsung Clear View Standing Cover для Samsung Galaxy S9+ Orchid Gray (EF-ZG965CVEGRU);https://www.eldorado.ru/cat/detail/chekhol-samsung-clear-view-standing-cover-dlya-samsung-galaxy-s9-orchid-gray-ef-zg965cvegru/;1590;/c/aksessuary-dlya-samsung-galaxy/;Аксессуары для Samsung Galaxy;/d/smartfony-i-gadzhety/;Смартфоны и гаджеты
Чехол InterStep Slender для Samsung Galaxy J7 2017, прозрачный (HSD-SAGJ717K-NP1100O-K100);https://www.eldorado.ru/cat/detail/chekhol-interstep-slender-dlya-samsung-galaxy-j7-2017-prozrachnyy-hsd-sagj717k-np1100o-k100/;10;/c/aksessuary-dlya-samsung-galaxy/;Аксессуары для Samsung Galaxy;/d/smartfony-i-gadzhety/;Смартфоны и гаджеты
Чехол InterStep Slender для Samsung Galaxy J3 2017, прозрачный (HSD-SAGJ317K-NP1100O-K100);https://www.eldorado.ru/cat/detail/chekhol-interstep-slender-dlya-samsung-galaxy-j3-2017-prozrachnyy-hsd-sagj317k-np1100o-k100/;10;/c/aksessuary-dlya-samsung-galaxy/;Аксессуары для Samsung Galaxy;/d/smartfony-i-gadzhety/;Смартфоны и гаджеты
Чехол InterStep Slender для Samsung Galaxy J6, прозрачный (HSD-SAGALJ6K-NP1100O-K100);https://www.eldorado.ru/cat/detail/chekhol-interstep-slender-dlya-samsung-galaxy-j6-prozrachnyy-hsd-sagalj6k-np1100o-k100/;10;/c/aksessuary-dlya-samsung-galaxy/;Аксессуары для Samsung Galaxy;/d/smartfony-i-gadzhety/;Смартфоны и гаджеты
Чехол Samsung Silicone Cover для Samsung Galaxy S9+ Gray (EF-PG965TJEGRU);https://www.eldorado.ru/cat/detail/chekhol-samsung-silicone-cover-dlya-samsung-galaxy-s9-gray-ef-pg965tjegru/;690;/c/aksessuary-dlya-samsung-galaxy/;Аксессуары для Samsung Galaxy;/d/smartfony-i-gadzhety/;Смартфоны и гаджеты
Защитное стекло InterStep FSC для Samsung Galaxy A40 Black (IS-TG-SAMA40FSB-UA3B202);https://www.eldorado.ru/cat/detail/zashchitnoe-steklo-interstep-fsc-dlya-samsung-galaxy-a40-black-is-tg-sama40fsb-ua3b202/;999;/c/aksessuary-dlya-samsung-galaxy/;Аксессуары для Samsung Galaxy;/d/smartfony-i-gadzhety/;Смартфоны и гаджеты
Чехол InterStep Vibe Plus для Samsung Galaxy A6+ (2018) Black (HVP-SAGLA6PK-NP1101O-K100);https://www.eldorado.ru/cat/detail/chekhol-interstep-vibe-plus-dlya-samsung-galaxy-a6-2018-black-hvp-sagla6pk-np1101o-k100/;10;/c/aksessuary-dlya-samsung-galaxy/;Аксессуары для Samsung Galaxy;/d/smartfony-i-gadzhety/;Смартфоны и гаджеты
Чехол InterStep Slender для Samsung Galaxy J1 (2016), прозрачный (HSD-SAGALJ1K-NP1101O-K100);https://www.eldorado.ru/cat/detail/chekhol-interstep-slender-dlya-samsung-galaxy-j1-2016-prozrachnyy-hsd-sagalj1k-np1101o-k100/;10;/c/aksessuary-dlya-samsung-galaxy/;Аксессуары для Samsung Galaxy;/d/smartfony-i-gadzhety/;Смартфоны и гаджеты
Защитная пленка Red Line для Samsung Galaxy Tab A 7.0;https://www.eldorado.ru/cat/detail/zashchitnaya-plenka-red-line-dlya-samsung-galaxy-tab-a-7-0/;200;/c/aksessuary-dlya-samsung-galaxy/;Аксессуары для Samsung Galaxy;/d/smartfony-i-gadzhety/;Смартфоны и гаджеты
Чехол InterStep Slender для Samsung Galaxy J8, прозрачный (HSD-SAGALJ8K-NP1100O-K100);https://www.eldorado.ru/cat/detail/chekhol-interstep-slender-dlya-samsung-galaxy-j8-prozrachnyy-hsd-sagalj8k-np1100o-k100/;10;/c/aksessuary-dlya-samsung-galaxy/;Аксессуары для Samsung Galaxy;/d/smartfony-i-gadzhety/;Смартфоны и гаджеты
Чехол InterStep Decor для Samsung Galaxy A30 Blue (HDC-SAGAA30K-NP1108O-K100);https://www.eldorado.ru/cat/detail/chekhol-interstep-decor-dlya-samsung-galaxy-a30-blue-hdc-sagaa30k-np1108o-k100/;50;/c/aksessuary-dlya-samsung-galaxy/;Аксессуары для Samsung Galaxy;/d/smartfony-i-gadzhety/;Смартфоны и гаджеты
Чехол InterStep Vibe для Samsung Galaxy J8 Gold (HVB-SAGALJ8K-NP1116O-K100);https://www.eldorado.ru/cat/detail/chekhol-interstep-vibe-dlya-samsung-galaxy-j8-gold-hvb-sagalj8k-np1116o-k100/;10;/c/aksessuary-dlya-samsung-galaxy/;Аксессуары для Samsung Galaxy;/d/smartfony-i-gadzhety/;Смартфоны и гаджеты
Чехол InterStep Slender для Samsung Galaxy J7 Neo, прозрачный (HSD-SAGJ7NEK-NP1100O-K100);https://www.eldorado.ru/cat/detail/chekhol-interstep-slender-dlya-samsung-galaxy-j7-neo-prozrachnyy-hsd-sagj7nek-np1100o-k100/;10;/c/aksessuary-dlya-samsung-galaxy/;Аксессуары для Samsung Galaxy;/d/smartfony-i-gadzhety/;Смартфоны и гаджеты
Чехол Samsung Wallet Cover для Samsung Galaxy A7 (2018) Blue (EF-WA750PLEGRU);https://www.eldorado.ru/cat/detail/chehol-samsung-wallet-cover-dlja-samsung-galaxy-a7-2018-blue-ef-wa750plegru/;390;/c/aksessuary-dlya-samsung-galaxy/;Аксессуары для Samsung Galaxy;/d/smartfony-i-gadzhety/;Смартфоны и гаджеты
Чехол InterStep Slender для Samsung Galaxy A8+, прозрачный (HSD-SAGAA8PK-NP1100O-K100);https://www.eldorado.ru/cat/detail/chekhol-interstep-slender-dlya-samsung-galaxy-a8-prozrachnyy-hsd-sagaa8pk-np1100o-k100/;10;/c/aksessuary-dlya-samsung-galaxy/;Аксессуары для Samsung Galaxy;/d/smartfony-i-gadzhety/;Смартфоны и гаджеты
Чехол InterStep Vibe для Samsung Galaxy A9 2018 Black (HVB-SAGALA9K-NP1101O-K100);https://www.eldorado.ru/cat/detail/chekhol-interstep-vibe-dlya-samsung-galaxy-a9-2018-black-hvb-sagala9k-np1101o-k100/;10;/c/aksessuary-dlya-samsung-galaxy/;Аксессуары для Samsung Galaxy;/d/smartfony-i-gadzhety/;Смартфоны и гаджеты
Чехол Samsung Clear View Standing Cover для Samsung Galaxy S9 Black (EF-ZG960CBEGRU);https://www.eldorado.ru/cat/detail/chehol-samsung-clear-view-standing-cover-dlja-samsung-galaxy-s9-black-ef-zg960cbegru/;990;/c/aksessuary-dlya-samsung-galaxy/;Аксессуары для Samsung Galaxy;/d/smartfony-i-gadzhety/;Смартфоны и гаджеты
Чехол InterStep Slender для Samsung Galaxy J2 2018, прозрачный (HSL-SAGAJ218-NP1100O-K100);https://www.eldorado.ru/cat/detail/chekhol-interstep-slender-dlya-samsung-galaxy-j2-2018-prozrachnyy-hsl-sagaj218-np1100o-k100/;50;/c/aksessuary-dlya-samsung-galaxy/;Аксессуары для Samsung Galaxy;/d/smartfony-i-gadzhety/;Смартфоны и гаджеты
Чехол InterStep Soft-t Metal для Samsung Galaxy S8+ Violet (HST-SAGAS8PK-NP1107O-K100);https://www.eldorado.ru/cat/detail/chekhol-interstep-soft-t-metal-dlya-samsung-galaxy-s8-violet-hst-sagas8pk-np1107o-k100/;10;/c/aksessuary-dlya-samsung-galaxy/;Аксессуары для Samsung Galaxy;/d/smartfony-i-gadzhety/;Смартфоны и гаджеты
Чехол InterStep Slender для Samsung Galaxy A6, прозрачный (HSD-SAGALA6K-NP1100O-K100);https://www.eldorado.ru/cat/detail/chekhol-interstep-slender-dlya-samsung-galaxy-a6-prozrachnyy-hsd-sagala6k-np1100o-k100/;10;/c/aksessuary-dlya-samsung-galaxy/;Аксессуары для Samsung Galaxy;/d/smartfony-i-gadzhety/;Смартфоны и гаджеты
Чехол Samsung Gradation Cover для Samsung Galaxy J4+ (2018) Gold (EF-AJ415CFEGRU);https://www.eldorado.ru/cat/detail/chekhol-samsung-gradation-cover-dlya-samsung-galaxy-j4-2018-gold-ef-aj415cfegru/;10;/c/aksessuary-dlya-samsung-galaxy/;Аксессуары для Samsung Galaxy;/d/smartfony-i-gadzhety/;Смартфоны и гаджеты
Чехол InterStep Sand для Samsung Galaxy J6 (2018) Black (HSN-SAGALJ6K-NP1101O-K100);https://www.eldorado.ru/cat/detail/chekhol-interstep-sand-dlya-samsung-galaxy-j6-2018-black-hsn-sagalj6k-np1101o-k100/;10;/c/aksessuary-dlya-samsung-galaxy/;Аксессуары для Samsung Galaxy;/d/smartfony-i-gadzhety/;Смартфоны и гаджеты
Чехол InterStep Vibe для Samsung Galaxy J8 Black (HVB-SAGALJ8K-NP1101O-K100);https://www.eldorado.ru/cat/detail/chekhol-interstep-vibe-dlya-samsung-galaxy-j8-black-hvb-sagalj8k-np1101o-k100/;10;/c/aksessuary-dlya-samsung-galaxy/;Аксессуары для Samsung Galaxy;/d/smartfony-i-gadzhety/;Смартфоны и гаджеты
Чехол Samsung Gradation Cover для Samsung Galaxy J4+ (2018) Black (EF-AJ415CBEGRU);https://www.eldorado.ru/cat/detail/chekhol-samsung-gradation-cover-dlya-samsung-galaxy-j4-2018-black-ef-aj415cbegru/;10;/c/aksessuary-dlya-samsung-galaxy/;Аксессуары для Samsung Galaxy;/d/smartfony-i-gadzhety/;Смартфоны и гаджеты
Чехол InterStep Decor для Samsung Galaxy A30 Black (HDC-SAGAA30K-NP1101O-K100);https://www.eldorado.ru/cat/detail/chekhol-interstep-decor-dlya-samsung-galaxy-a30-black-hdc-sagaa30k-np1101o-k100/;50;/c/aksessuary-dlya-samsung-galaxy/;Аксессуары для Samsung Galaxy;/d/smartfony-i-gadzhety/;Смартфоны и гаджеты
Защитное стекло 2.5D InterStep для Samsung Galaxy A70, черная рамка (IS-TG-SAMA70FSB-000B202);https://www.eldorado.ru/cat/detail/zaschitnoe-steklo-2-5d-interstep-dlja-samsung-galaxy-a70-chernaja-ramka-is-tg-sama70fsb-000b202/;799;/c/aksessuary-dlya-samsung-galaxy/;Аксессуары для Samsung Galaxy;/d/smartfony-i-gadzhety/;Смартфоны и гаджеты
Беспроводное зарядное устройство Samsung EP-N6100 Black;https://www.eldorado.ru/cat/detail/besprovodnoe-zarjadnoe-ustrojstvo-samsung-ep-n6100-black/;6990;/c/aksessuary-dlya-samsung-galaxy/;Аксессуары для Samsung Galaxy;/d/smartfony-i-gadzhety/;Смартфоны и гаджеты
Чехол InterStep Sand для Samsung Galaxy A6 (2018) Blue (HSN-SAGALA6K-NP1108O-K100);https://www.eldorado.ru/cat/detail/chekhol-interstep-sand-dlya-samsung-galaxy-a6-2018-blue-hsn-sagala6k-np1108o-k100/;10;/c/aksessuary-dlya-samsung-galaxy/;Аксессуары для Samsung Galaxy;/d/smartfony-i-gadzhety/;Смартфоны и гаджеты
Чехол InterStep Vibe Plus для Samsung Galaxy S8 Black (HVP-SAGALS8K-NP1101O-K100);https://www.eldorado.ru/cat/detail/chekhol-interstep-vibe-plus-dlya-samsung-galaxy-s8-black-hvp-sagals8k-np1101o-k100/;10;/c/aksessuary-dlya-samsung-galaxy/;Аксессуары для Samsung Galaxy;/d/smartfony-i-gadzhety/;Смартфоны и гаджеты
Чехол InterStep Soft-t Metal для Samsung Galaxy S8 Violet (HST-SAGALS8K-NP1107O-K100);https://www.eldorado.ru/cat/detail/chekhol-interstep-soft-t-metal-dlya-samsung-galaxy-s8-violet-hst-sagals8k-np1107o-k100/;10;/c/aksessuary-dlya-samsung-galaxy/;Аксессуары для Samsung Galaxy;/d/smartfony-i-gadzhety/;Смартфоны и гаджеты
Чехол InterStep Decor для Samsung Galaxy A70 Black (HDC-SAGAA70K-NP1101O-K100);https://www.eldorado.ru/cat/detail/chekhol-interstep-decor-dlya-samsung-galaxy-a70-black-hdc-sagaa70k-np1101o-k100/;590;/c/aksessuary-dlya-samsung-galaxy/;Аксессуары для Samsung Galaxy;/d/smartfony-i-gadzhety/;Смартфоны и гаджеты
Чехол Samsung Silicone Cover для Samsung Galaxy S9+ Pink (EF-PG965TPEGRU);https://www.eldorado.ru/cat/detail/chekhol-samsung-silicone-cover-dlya-samsung-galaxy-s9-pink-ef-pg965tpegru/;690;/c/aksessuary-dlya-samsung-galaxy/;Аксессуары для Samsung Galaxy;/d/smartfony-i-gadzhety/;Смартфоны и гаджеты
Чехол Samsung Gradation Cover для Samsung Galaxy J6+ (2018) Black (EF-AJ610CBEGRU);https://www.eldorado.ru/cat/detail/chekhol-samsung-gradation-cover-dlya-samsung-galaxy-j6-2018-black-ef-aj610cbegru/;10;/c/aksessuary-dlya-samsung-galaxy/;Аксессуары для Samsung Galaxy;/d/smartfony-i-gadzhety/;Смартфоны и гаджеты
Чехол Samsung Silicone Cover для Samsung Galaxy S9 Black (EF-PG960TBEGRU);https://www.eldorado.ru/cat/detail/chehol-samsung-silicone-cover-dlja-samsung-galaxy-s9-black-ef-pg960tbegru/;690;/c/aksessuary-dlya-samsung-galaxy/;Аксессуары для Samsung Galaxy;/d/smartfony-i-gadzhety/;Смартфоны и гаджеты
Чехол InterStep Decor для Samsung Galaxy S10e Black (HDC-SAGS10LK-NP1101O-K100);https://www.eldorado.ru/cat/detail/chekhol-interstep-decor-dlya-samsung-galaxy-s10e-black-hdc-sags10lk-np1101o-k100/;590;/c/aksessuary-dlya-samsung-galaxy/;Аксессуары для Samsung Galaxy;/d/smartfony-i-gadzhety/;Смартфоны и гаджеты
Чехол InterStep Sand для Samsung Galaxy J7 (2017) Blue (HSN-SAGJ717K-NP1108O-K100);https://www.eldorado.ru/cat/detail/chekhol-interstep-sand-dlya-samsung-galaxy-j7-2017-blue-hsn-sagj717k-np1108o-k100/;10;/c/aksessuary-dlya-samsung-galaxy/;Аксессуары для Samsung Galaxy;/d/smartfony-i-gadzhety/;Смартфоны и гаджеты
Сетевое зарядное устройство Samsung USB Type-C White (EP-TA20EWECGRU);https://www.eldorado.ru/cat/detail/setevoe-zaryadnoe-ustroystvo-samsung-usb-type-c-white-ep-ta20ewecgru/;1490;/c/aksessuary-dlya-samsung-galaxy/;Аксессуары для Samsung Galaxy;/d/smartfony-i-gadzhety/;Смартфоны и гаджеты
Чехол InterStep Decor для Samsung Galaxy S10 Black (HDC-SAGAS10K-NP1101O-K100);https://www.eldorado.ru/cat/detail/chekhol-interstep-decor-dlya-samsung-galaxy-s10-black-hdc-sagas10k-np1101o-k100/;999;/c/aksessuary-dlya-samsung-galaxy/;Аксессуары для Samsung Galaxy;/d/smartfony-i-gadzhety/;Смартфоны и гаджеты
Чехол Samsung Dual Layer Cover для Samsung Galaxy J8 (2018) Black (EF-PJ810CBEGRU);https://www.eldorado.ru/cat/detail/chekhol-samsung-dual-layer-cover-dlya-samsung-galaxy-j8-2018-black-ef-pj810cbegru/;10;/c/aksessuary-dlya-samsung-galaxy/;Аксессуары для Samsung Galaxy;/d/smartfony-i-gadzhety/;Смартфоны и гаджеты
Чехол InterStep Sand для Samsung Galaxy S9 Black (HSN-SAGALS9K-NP1101O-K100);https://www.eldorado.ru/cat/detail/chekhol-interstep-sand-dlya-samsung-galaxy-s9-black-hsn-sagals9k-np1101o-k100/;10;/c/aksessuary-dlya-samsung-galaxy/;Аксессуары для Samsung Galaxy;/d/smartfony-i-gadzhety/;Смартфоны и гаджеты
Чехол InterStep Sand для Samsung Galaxy J6+ (2018) Black (HSN-SAGAJ6PK-NP1101O-K100);https://www.eldorado.ru/cat/detail/chekhol-interstep-sand-dlya-samsung-galaxy-j6-2018-black-hsn-sagaj6pk-np1101o-k100/;10;/c/aksessuary-dlya-samsung-galaxy/;Аксессуары для Samsung Galaxy;/d/smartfony-i-gadzhety/;Смартфоны и гаджеты
Беспроводное зарядное устройство Samsung EP-P1100 Fast Charge Black (EP-P1100BBRGRU);https://www.eldorado.ru/cat/detail/besprovodnoe-zaryadnoe-ustroystvo-samsung-ep-p1100-fast-charge-black-ep-p1100bbrgru/;1990;/c/aksessuary-dlya-samsung-galaxy/;Аксессуары для Samsung Galaxy;/d/smartfony-i-gadzhety/;Смартфоны и гаджеты
Чехол InterStep Slender для Samsung Galaxy J6+ (2018), прозрачный (HSD-SAGAJ6PK-NP1100O-K100);https://www.eldorado.ru/cat/detail/chekhol-interstep-slender-dlya-samsung-galaxy-j6-2018-prozrachnyy-hsd-sagaj6pk-np1100o-k100/;10;/c/aksessuary-dlya-samsung-galaxy/;Аксессуары для Samsung Galaxy;/d/smartfony-i-gadzhety/;Смартфоны и гаджеты
Чехол InterStep Sand для Samsung Galaxy J5 (2017) Blue (HSN-SAGJ517K-NP1108O-K100);https://www.eldorado.ru/cat/detail/chekhol-interstep-sand-dlya-samsung-galaxy-j5-2017-blue-hsn-sagj517k-np1108o-k100/;10;/c/aksessuary-dlya-samsung-galaxy/;Аксессуары для Samsung Galaxy;/d/smartfony-i-gadzhety/;Смартфоны и гаджеты
Чехол InterStep Vibe Plus для Samsung Galaxy A6 (2018) Black (HVP-SAGALA6K-NP1101O-K100);https://www.eldorado.ru/cat/detail/chekhol-interstep-vibe-plus-dlya-samsung-galaxy-a6-2018-black-hvp-sagala6k-np1101o-k100/;10;/c/aksessuary-dlya-samsung-galaxy/;Аксессуары для Samsung Galaxy;/d/smartfony-i-gadzhety/;Смартфоны и гаджеты
Чехол InterStep Slender для Samsung Galaxy J2 Core, прозрачный (HSD-SAGAJ2CK-NP1100O-K100);https://www.eldorado.ru/cat/detail/chekhol-interstep-slender-dlya-samsung-galaxy-j2-core-prozrachnyy-hsd-sagaj2ck-np1100o-k100/;599;/c/aksessuary-dlya-samsung-galaxy/;Аксессуары для Samsung Galaxy;/d/smartfony-i-gadzhety/;Смартфоны и гаджеты
Чехол InterStep Candy для Samsung Galaxy A9 2018 Blue (HCN-SAGALA9K-NP1108O-K100);https://www.eldorado.ru/cat/detail/chekhol-interstep-candy-dlya-samsung-galaxy-a9-2018-blue-hcn-sagala9k-np1108o-k100/;10;/c/aksessuary-dlya-samsung-galaxy/;Аксессуары для Samsung Galaxy;/d/smartfony-i-gadzhety/;Смартфоны и гаджеты
Чехол InterStep Tex-M для Samsung Galaxy A50/А30s Blue (HTE-SAGAA50K-NP1108O-K100);https://www.eldorado.ru/cat/detail/chekhol-interstep-tex-m-dlya-samsung-galaxy-a50-blue-hte-sagaa50k-np1108o-k100/;690;/c/aksessuary-dlya-samsung-galaxy/;Аксессуары для Samsung Galaxy;/d/smartfony-i-gadzhety/;Смартфоны и гаджеты
Чехол InterStep Shugra для Samsung Galaxy A70 Black (HSG-SAGAA70K-NP1101O-K100);https://www.eldorado.ru/cat/detail/chehol-interstep-shugra-dlja-samsung-galaxy-a70-black-hsg-sagaa70k-np1101o-k100/;590;/c/aksessuary-dlya-samsung-galaxy/;Аксессуары для Samsung Galaxy;/d/smartfony-i-gadzhety/;Смартфоны и гаджеты
Чехол Samsung Dual Layer Cover для Samsung Galaxy J8 (2018) Gold (EF-PJ810CFEGRU);https://www.eldorado.ru/cat/detail/chekhol-samsung-dual-layer-cover-dlya-samsung-galaxy-j8-2018-gold-ef-pj810cfegru/;10;/c/aksessuary-dlya-samsung-galaxy/;Аксессуары для Samsung Galaxy;/d/smartfony-i-gadzhety/;Смартфоны и гаджеты
Беспроводное зарядное устройство Samsung EP-N6100 White;https://www.eldorado.ru/cat/detail/besprovodnoe-zaryadnoe-ustroystvo-samsung-ep-n6100-white/;6990;/c/aksessuary-dlya-samsung-galaxy/;Аксессуары для Samsung Galaxy;/d/smartfony-i-gadzhety/;Смартфоны и гаджеты
Чехол InterStep Slender для Samsung Galaxy J4+ (2018), прозрачный (HSD-SAGAJ4PK-NP1100O-K100);https://www.eldorado.ru/cat/detail/chekhol-interstep-slender-dlya-samsung-galaxy-j4-2018-prozrachnyy-hsd-sagaj4pk-np1100o-k100/;10;/c/aksessuary-dlya-samsung-galaxy/;Аксессуары для Samsung Galaxy;/d/smartfony-i-gadzhety/;Смартфоны и гаджеты
Чехол Samsung Gradation Cover для Samsung Galaxy A30 Violet (EF-AA305CVEGRU);https://www.eldorado.ru/cat/detail/chekhol-samsung-gradation-cover-dlya-samsung-galaxy-a30-violet-ef-aa305cvegru/;590;/c/aksessuary-dlya-samsung-galaxy/;Аксессуары для Samsung Galaxy;/d/smartfony-i-gadzhety/;Смартфоны и гаджеты
Чехол Samsung Gradation Cover для Samsung Galaxy J6+ (2018) Red (EF-AJ610CREGRU);https://www.eldorado.ru/cat/detail/chekhol-samsung-gradation-cover-dlya-samsung-galaxy-j6-2018-red-ef-aj610cregru/;10;/c/aksessuary-dlya-samsung-galaxy/;Аксессуары для Samsung Galaxy;/d/smartfony-i-gadzhety/;Смартфоны и гаджеты
Чехол InterStep Vibe Plus для Samsung Galaxy J6+ (2018) Black (HVP-SAGAJ6PK-NP1101O-K100);https://www.eldorado.ru/cat/detail/chekhol-interstep-vibe-plus-dlya-samsung-galaxy-j6-2018-black-hvp-sagaj6pk-np1101o-k100/;10;/c/aksessuary-dlya-samsung-galaxy/;Аксессуары для Samsung Galaxy;/d/smartfony-i-gadzhety/;Смартфоны и гаджеты
Чехол InterStep Tex-Met для Samsung Galaxy A7 (2018) Gray (HTM-SAGA718K-NP1112O-K100);https://www.eldorado.ru/cat/detail/chekhol-interstep-tex-met-dlya-samsung-galaxy-a7-2018-gray-htm-saga718k-np1112o-k100/;10;/c/aksessuary-dlya-samsung-galaxy/;Аксессуары для Samsung Galaxy;/d/smartfony-i-gadzhety/;Смартфоны и гаджеты
Чехол Samsung Silicone Cover для Samsung Galaxy S9 Pink (EF-PG960TPEGRU);https://www.eldorado.ru/cat/detail/chekhol-samsung-silicone-cover-dlya-samsung-galaxy-s9-pink-ef-pg960tpegru/;690;/c/aksessuary-dlya-samsung-galaxy/;Аксессуары для Samsung Galaxy;/d/smartfony-i-gadzhety/;Смартфоны и гаджеты
Чехол InterStep Decor для Samsung Galaxy A10 Black (HDC-SAGAA10K-NP1101O-K100);https://www.eldorado.ru/cat/detail/chekhol-interstep-decor-dlya-samsung-galaxy-a10-black-hdc-sagaa10k-np1101o-k100/;999;/c/aksessuary-dlya-samsung-galaxy/;Аксессуары для Samsung Galaxy;/d/smartfony-i-gadzhety/;Смартфоны и гаджеты
Чехол InterStep Sand для Samsung Galaxy J4+ (2018) Black (HSN-SAGAJ4PK-NP1101O-K100);https://www.eldorado.ru/cat/detail/chekhol-interstep-sand-dlya-samsung-galaxy-j4-2018-black-hsn-sagaj4pk-np1101o-k100/;10;/c/aksessuary-dlya-samsung-galaxy/;Аксессуары для Samsung Galaxy;/d/smartfony-i-gadzhety/;Смартфоны и гаджеты
Чехол Samsung Silicone Cover для Samsung Galaxy S9 Gray (EF-PG960TJEGRU);https://www.eldorado.ru/cat/detail/chekhol-samsung-silicone-cover-dlya-samsung-galaxy-s9-gray-ef-pg960tjegru/;690;/c/aksessuary-dlya-samsung-galaxy/;Аксессуары для Samsung Galaxy;/d/smartfony-i-gadzhety/;Смартфоны и гаджеты
Чехол InterStep Decor для Samsung Galaxy S10e Blue (HDC-SAGS10LK-NP1108O-K100);https://www.eldorado.ru/cat/detail/chekhol-interstep-decor-dlya-samsung-galaxy-s10e-blue-hdc-sags10lk-np1108o-k100/;190;/c/aksessuary-dlya-samsung-galaxy/;Аксессуары для Samsung Galaxy;/d/smartfony-i-gadzhety/;Смартфоны и гаджеты
Чехол InterStep Sand для Samsung Galaxy S8+ Blue (HSN-SAGAS8PK-NP1108O-K100);https://www.eldorado.ru/cat/detail/chekhol-interstep-sand-dlya-samsung-galaxy-s8-blue-hsn-sagas8pk-np1108o-k100/;10;/c/aksessuary-dlya-samsung-galaxy/;Аксессуары для Samsung Galaxy;/d/smartfony-i-gadzhety/;Смартфоны и гаджеты
Чехол InterStep Candy для Samsung Galaxy A9 2018 Black (HCN-SAGALA9K-NP1101O-K100);https://www.eldorado.ru/cat/detail/chekhol-interstep-candy-dlya-samsung-galaxy-a9-2018-black-hcn-sagala9k-np1101o-k100/;10;/c/aksessuary-dlya-samsung-galaxy/;Аксессуары для Samsung Galaxy;/d/smartfony-i-gadzhety/;Смартфоны и гаджеты
Чехол InterStep Sand для Samsung Galaxy S9 Plus Black (HSN-SAGAS9PK-NP1101O-K100);https://www.eldorado.ru/cat/detail/chekhol-interstep-sand-dlya-samsung-galaxy-s9-plus-black-hsn-sagas9pk-np1101o-k100/;10;/c/aksessuary-dlya-samsung-galaxy/;Аксессуары для Samsung Galaxy;/d/smartfony-i-gadzhety/;Смартфоны и гаджеты
Чехол для планшета InterStep ADV для Samsung Galaxy Tab A10.1 Black (HSM-SSMT515K-NP1101O-K400);https://www.eldorado.ru/cat/detail/chekhol-dlya-plansheta-interstep-adv-dlya-samsung-galaxy-tab-a10-1-black-hsm-ssmt515k-np1101o-k400/;1990;/c/aksessuary-dlya-samsung-galaxy/;Аксессуары для Samsung Galaxy;/d/smartfony-i-gadzhety/;Смартфоны и гаджеты
Чехол InterStep Vibe Plus для Samsung Galaxy J4+ (2018) Black (HVP-SAGAJ4PK-NP1101O-K100);https://www.eldorado.ru/cat/detail/chekhol-interstep-vibe-plus-dlya-samsung-galaxy-j4-2018-black-hvp-sagaj4pk-np1101o-k100/;10;/c/aksessuary-dlya-samsung-galaxy/;Аксессуары для Samsung Galaxy;/d/smartfony-i-gadzhety/;Смартфоны и гаджеты
Чехол InterStep Decor для Samsung Galaxy A70 Blue (HDC-SAGAA70K-NP1108O-K100);https://www.eldorado.ru/cat/detail/chekhol-interstep-decor-dlya-samsung-galaxy-a70-blue-hdc-sagaa70k-np1108o-k100/;590;/c/aksessuary-dlya-samsung-galaxy/;Аксессуары для Samsung Galaxy;/d/smartfony-i-gadzhety/;Смартфоны и гаджеты
Сетевое зарядное устройство Samsung USB/Type-C Adaptive Fast Charging Travel Adapter (EP-TA300CWEGRU);https://www.eldorado.ru/cat/detail/setevoe-zaryadnoe-ustroystvo-samsung-usb-type-c-adaptive-fast-charging-travel-adapter-ep-ta300cwegru/;1690;/c/aksessuary-dlya-samsung-galaxy/;Аксессуары для Samsung Galaxy;/d/smartfony-i-gadzhety/;Смартфоны и гаджеты
Чехол InterStep Decor для Samsung Galaxy S10 Blue (HDC-SAGAS10K-NP1108O-K100);https://www.eldorado.ru/cat/detail/chekhol-interstep-decor-dlya-samsung-galaxy-s10-blue-hdc-sagas10k-np1108o-k100/;590;/c/aksessuary-dlya-samsung-galaxy/;Аксессуары для Samsung Galaxy;/d/smartfony-i-gadzhety/;Смартфоны и гаджеты
Чехол InterStep Decor для Samsung Galaxy S10e Red (HDC-SAGS10LK-NP1104O-K100);https://www.eldorado.ru/cat/detail/chekhol-interstep-decor-dlya-samsung-galaxy-s10e-red-hdc-sags10lk-np1104o-k100/;590;/c/aksessuary-dlya-samsung-galaxy/;Аксессуары для Samsung Galaxy;/d/smartfony-i-gadzhety/;Смартфоны и гаджеты
Чехол для планшета InterStep ADV для Samsung Galaxy Tab A 8.0 Black (HSM-SSMT295K-NP1101O-K400);https://www.eldorado.ru/cat/detail/chekhol-dlya-plansheta-interstep-adv-dlya-samsung-galaxy-tab-a-8-0-black-hsm-ssmt295k-np1101o-k400/;1990;/c/aksessuary-dlya-samsung-galaxy/;Аксессуары для Samsung Galaxy;/d/smartfony-i-gadzhety/;Смартфоны и гаджеты
Чехол InterStep Decor для Samsung Galaxy S10+ Black (HDC-SAGS10PK-NP1101O-K100);https://www.eldorado.ru/cat/detail/chehol-interstep-decor-dlja-samsung-galaxy-s10-plus-black-hdc-sags10pk-np1101o-k100/;999;/c/aksessuary-dlya-samsung-galaxy/;Аксессуары для Samsung Galaxy;/d/smartfony-i-gadzhety/;Смартфоны и гаджеты
Чехол InterStep Candy для Samsung Galaxy J2 Core Black (CN-SAGAJ2CK-NP1101O-K100);https://www.eldorado.ru/cat/detail/chehol-interstep-candy-dlja-samsung-galaxy-j2-core-black-cn-sagaj2ck-np1101o-k100/;390;/c/aksessuary-dlya-samsung-galaxy/;Аксессуары для Samsung Galaxy;/d/smartfony-i-gadzhety/;Смартфоны и гаджеты
Чехол InterStep Decor для Samsung Galaxy S10+ Red (HDC-SAGS10PK-NP1104O-K100);https://www.eldorado.ru/cat/detail/chekhol-interstep-decor-dlya-samsung-galaxy-s10-plus-red-hdc-sags10pk-np1104o-k100/;999;/c/aksessuary-dlya-samsung-galaxy/;Аксессуары для Samsung Galaxy;/d/smartfony-i-gadzhety/;Смартфоны и гаджеты
Чехол InterStep Tex-Met для Samsung Galaxy S9 Grey (HTM-SAGALS9K-NP1112O-K100);https://www.eldorado.ru/cat/detail/chekhol-interstep-tex-met-dlya-samsung-galaxy-s9-grey-htm-sagals9k-np1112o-k100/;10;/c/aksessuary-dlya-samsung-galaxy/;Аксессуары для Samsung Galaxy;/d/smartfony-i-gadzhety/;Смартфоны и гаджеты
Чехол InterStep Vibe для Samsung Galaxy J6 Black (HVB-SAGALJ6K-NP1101O-K100);https://www.eldorado.ru/cat/detail/chekhol-interstep-vibe-dlya-samsung-galaxy-j6-black-hvb-sagalj6k-np1101o-k100/;10;/c/aksessuary-dlya-samsung-galaxy/;Аксессуары для Samsung Galaxy;/d/smartfony-i-gadzhety/;Смартфоны и гаджеты
Чехол InterStep Candy для Samsung Galaxy A9 2018 Pink (HCN-SAGALA9K-NP1105O-K100);https://www.eldorado.ru/cat/detail/chekhol-interstep-candy-dlya-samsung-galaxy-a9-2018-pink-hcn-sagala9k-np1105o-k100/;10;/c/aksessuary-dlya-samsung-galaxy/;Аксессуары для Samsung Galaxy;/d/smartfony-i-gadzhety/;Смартфоны и гаджеты
Защитное стекло 3D InterStep для Samsung Galaxy A80, черная рамка (IS-TG-SAMA803DB-000B202);https://www.eldorado.ru/cat/detail/zashchitnoe-steklo-3d-interstep-dlya-samsung-galaxy-a80-chernaya-ramka-is-tg-sama803db-000b202/;1299;/c/aksessuary-dlya-samsung-galaxy/;Аксессуары для Samsung Galaxy;/d/smartfony-i-gadzhety/;Смартфоны и гаджеты
Беспроводное зарядное устройство Samsung EP-N5105 Black (EP-N5105TBRGRU);https://www.eldorado.ru/cat/detail/besprovodnoe-zaryadnoe-ustroystvo-samsung-ep-n5105-black-ep-n5105tbrgru/;3590;/c/aksessuary-dlya-samsung-galaxy/;Аксессуары для Samsung Galaxy;/d/smartfony-i-gadzhety/;Смартфоны и гаджеты
Чехол InterStep Decor для Samsung Galaxy S10+ Blue (HDC-SAGS10PK-NP1108O-K100);https://www.eldorado.ru/cat/detail/chekhol-interstep-decor-dlya-samsung-galaxy-s10-plus-blue-hdc-sags10pk-np1108o-k100/;590;/c/aksessuary-dlya-samsung-galaxy/;Аксессуары для Samsung Galaxy;/d/smartfony-i-gadzhety/;Смартфоны и гаджеты
Чехол InterStep Candy EL для Samsung Galaxy A20s Black (IS-FCC-SAM00A20S-CN01O-ELGD00);https://www.eldorado.ru/cat/detail/chekhol-interstep-candy-el-dlya-samsung-galaxy-a20s-black-is-fcc-sam00a20s-cn01o-elgd00/;390;/c/aksessuary-dlya-samsung-galaxy/;Аксессуары для Samsung Galaxy;/d/smartfony-i-gadzhety/;Смартфоны и гаджеты
Беспроводное зарядное устройство Samsung EP-P3105 Black (EP-P3105TBRGRU);https://www.eldorado.ru/cat/detail/besprovodnoe-zaryadnoe-ustroystvo-samsung-ep-p3105-black-ep-p3105tbrgru/;3590;/c/aksessuary-dlya-samsung-galaxy/;Аксессуары для Samsung Galaxy;/d/smartfony-i-gadzhety/;Смартфоны и гаджеты
Чехол InterStep Frame MAT EL для Samsung Galaxy A20s Blue (IS-FCC-SAM00A20S-FM08O-ELGD00);https://www.eldorado.ru/cat/detail/chekhol-interstep-frame-mat-el-dlya-samsung-galaxy-a20s-blue-is-fcc-sam00a20s-fm08o-elgd00/;390;/c/aksessuary-dlya-samsung-galaxy/;Аксессуары для Samsung Galaxy;/d/smartfony-i-gadzhety/;Смартфоны и гаджеты
Чехол Samsung Clear View Standing Cover для Samsung Galaxy S9 Gold (EF-ZG960CFEGRU);https://www.eldorado.ru/cat/detail/chekhol-samsung-clear-view-standing-cover-dlya-samsung-galaxy-s9-gold-ef-zg960cfegru/;990;/c/aksessuary-dlya-samsung-galaxy/;Аксессуары для Samsung Galaxy;/d/smartfony-i-gadzhety/;Смартфоны и гаджеты
Чехол InterStep Sand PC EL для Samsung Galaxy A20s Black (IS-FCC-SAM00A20S-SP01O-ELGD00);https://www.eldorado.ru/cat/detail/chekhol-interstep-sand-pc-el-dlya-samsung-galaxy-a20s-black-is-fcc-sam00a20s-sp01o-elgd00/;390;/c/aksessuary-dlya-samsung-galaxy/;Аксессуары для Samsung Galaxy;/d/smartfony-i-gadzhety/;Смартфоны и гаджеты
Чехол InterStep Candy EL для Samsung Galaxy A20s Blue (IS-FCC-SAM00A20S-CN08O-ELGD00);https://www.eldorado.ru/cat/detail/chekhol-interstep-candy-el-dlya-samsung-galaxy-a20s-blue-is-fcc-sam00a20s-cn08o-elgd00/;390;/c/aksessuary-dlya-samsung-galaxy/;Аксессуары для Samsung Galaxy;/d/smartfony-i-gadzhety/;Смартфоны и гаджеты
Чехол InterStep Decor для Samsung Galaxy S10 Red (HDC-SAGAS10K-NP1104O-K100);https://www.eldorado.ru/cat/detail/chekhol-interstep-decor-dlya-samsung-galaxy-s10-red-hdc-sagas10k-np1104o-k100/;999;/c/aksessuary-dlya-samsung-galaxy/;Аксессуары для Samsung Galaxy;/d/smartfony-i-gadzhety/;Смартфоны и гаджеты
Чехол InterStep Candy для Samsung Galaxy J2 Core Yellow (CN-SAGAJ2CK-NP1118O-K100);https://www.eldorado.ru/cat/detail/chehol-interstep-candy-dlja-samsung-galaxy-j2-core-yellow-cn-sagaj2ck-np1118o-k100/;90;/c/aksessuary-dlya-samsung-galaxy/;Аксессуары для Samsung Galaxy;/d/smartfony-i-gadzhety/;Смартфоны и гаджеты
Кабель Dorten USB Type-C Steel Shell Series 1 м Black;https://www.eldorado.ru/cat/detail/kabel-dorten-usb-type-c-steel-shell-series-1-m-black/;1190;/c/aksessuary-dlya-samsung-galaxy/;Аксессуары для Samsung Galaxy;/d/smartfony-i-gadzhety/;Смартфоны и гаджеты
Беспроводные наушники с микрофоном Samsung Level On (EO-PN900BBEGRU);https://www.eldorado.ru/cat/detail/besprovodnye-naushniki-s-mikrofonom-samsung-level-on-eo-pn900bbegru/;6510;/c/aksessuary-dlya-samsung-galaxy/;Аксессуары для Samsung Galaxy;/d/smartfony-i-gadzhety/;Смартфоны и гаджеты
Кабель InterStep USB 3.0 - microUSB 3.0 2 м. Black;https://www.eldorado.ru/cat/detail/kabel-interstep-usb-3-0-microusb-3-0-2-m-black/;399;/c/aksessuary-dlya-samsung-galaxy/;Аксессуары для Samsung Galaxy;/d/smartfony-i-gadzhety/;Смартфоны и гаджеты
Закаленное стекло Func sSteel-51 для Samsung Galaxy J5 Prime 2016;https://www.eldorado.ru/cat/detail/zakalennoe-steklo-func-ssteel-51-dlya-samsung-galaxy-j5-prime-2016/;9;/c/aksessuary-dlya-samsung-galaxy/;Аксессуары для Samsung Galaxy;/d/smartfony-i-gadzhety/;Смартфоны и гаджеты
Защитное стекло с рамкой 3D InterStep Full Screen для Samsung Galaxy S8 Plus (IS-TG-SAMS8P3DB-000B202);https://www.eldorado.ru/cat/detail/zaschitnoe-steklo-s-ramkoj-3d-interstep-full-screen-dlja-samsung-galaxy-s8-plus-is-tg-sams8p3db-000b202/;90;/c/aksessuary-dlya-samsung-galaxy/;Аксессуары для Samsung Galaxy;/d/smartfony-i-gadzhety/;Смартфоны и гаджеты
Защитное стекло с рамкой 3D InterStep Full Screen для Samsung Galaxy S8 (IS-TG-SAMS83DBL-000B202);https://www.eldorado.ru/cat/detail/zaschitnoe-steklo-s-ramkoj-3d-interstep-full-screen-dlja-samsung-galaxy-s8-is-tg-sams83dbl-000b202/;90;/c/aksessuary-dlya-samsung-galaxy/;Аксессуары для Samsung Galaxy;/d/smartfony-i-gadzhety/;Смартфоны и гаджеты
Беспроводное зарядное устройство Rombica NEO Q1;https://www.eldorado.ru/cat/detail/besprovodnoe-zarjadnoe-ustrojstvo-rombica-neo-q1/;490;/c/aksessuary-dlya-samsung-galaxy/;Аксессуары для Samsung Galaxy;/d/smartfony-i-gadzhety/;Смартфоны и гаджеты
Защитное стекло с рамкой 2.5D DF для Samsung Galaxy J8 (2018), черная рамка;https://www.eldorado.ru/cat/detail/zaschitnoe-steklo-s-ramkoj-2-5d-df-dlja-samsung-galaxy-j8-2018-chernaja-ramka/;9;/c/aksessuary-dlya-samsung-galaxy/;Аксессуары для Samsung Galaxy;/d/smartfony-i-gadzhety/;Смартфоны и гаджеты
Папка для планшета InterStep Steve для Samsung Galaxy Tab A 10.1 (2016) Black;https://www.eldorado.ru/cat/detail/papka-dlya-plansheta-interstep-steve-dlya-samsung-galaxy-tab-a-10-1-2016-black/;840;/c/aksessuary-dlya-samsung-galaxy/;Аксессуары для Samsung Galaxy;/d/smartfony-i-gadzhety/;Смартфоны и гаджеты
Беспроводное зарядное устройство Rombica NEO Q5;https://www.eldorado.ru/cat/detail/besprovodnoe-zarjadnoe-ustrojstvo-rombica-neo-q5/;999;/c/aksessuary-dlya-samsung-galaxy/;Аксессуары для Samsung Galaxy;/d/smartfony-i-gadzhety/;Смартфоны и гаджеты
Защитное стекло глянцевое InterStep для Samsung Galaxy J1 mini Prime, черная рамка (IS-TG-SAMJ1MPRC-000B202);https://www.eldorado.ru/cat/detail/zaschitnoe-steklo-gljantsevoe-interstep-dlja-samsung-galaxy-j1-mini-prime-chernaja-ramka-is-tg-samj1mprc-000b202/;9;/c/aksessuary-dlya-samsung-galaxy/;Аксессуары для Samsung Galaxy;/d/smartfony-i-gadzhety/;Смартфоны и гаджеты
Чехол InterStep Vibe для Samsung Galaxy J4 Black (HVB-SAGALJ4K-NP1101O-K100);https://www.eldorado.ru/cat/detail/chekhol-interstep-vibe-dlya-samsung-galaxy-j4-black-hvb-sagalj4k-np1101o-k100/;10;/c/aksessuary-dlya-samsung-galaxy/;Аксессуары для Samsung Galaxy;/d/smartfony-i-gadzhety/;Смартфоны и гаджеты
Зарядное устройство Qumo PowerAid Qi Table Charger;https://www.eldorado.ru/cat/detail/zarjadnoe-ustrojstvo-qumo-poweraid-qi-table-charger/;599;/c/aksessuary-dlya-samsung-galaxy/;Аксессуары для Samsung Galaxy;/d/smartfony-i-gadzhety/;Смартфоны и гаджеты
Защитное стекло с рамкой 2.5D InterStep для Samsung Galaxy A3 2017 Black (IS-TG-SAMA320BL-000B202);https://www.eldorado.ru/cat/detail/zashchitnoe-steklo-s-ramkoy-2-5d-interstep-dlya-samsung-galaxy-a3-2017-black-is-tg-sama320bl-000b202/;10;/c/aksessuary-dlya-samsung-galaxy/;Аксессуары для Samsung Galaxy;/d/smartfony-i-gadzhety/;Смартфоны и гаджеты
Чехол Func для Samsung Galaxy J2 PrimeGrand Prime (2016) DF sCase-34;https://www.eldorado.ru/cat/detail/chekhol-func-dlya-samsung-galaxy-j2-primegrand-prime-2016-df-scase-34/;9;/c/aksessuary-dlya-samsung-galaxy/;Аксессуары для Samsung Galaxy;/d/smartfony-i-gadzhety/;Смартфоны и гаджеты
Закаленное стекло Func sColor-10 для Samsung Galaxy J5 Prime 2016, черная рамка;https://www.eldorado.ru/cat/detail/zakalennoe-steklo-func-scolor-10-dlya-samsung-galaxy-j5-prime-2016-chernaya-ramka/;9;/c/aksessuary-dlya-samsung-galaxy/;Аксессуары для Samsung Galaxy;/d/smartfony-i-gadzhety/;Смартфоны и гаджеты
Чехол InterStep Slender для Samsung Galaxy A7 (2018), прозрачный (HSD-SAGA718K-NP1100O-K100);https://www.eldorado.ru/cat/detail/chekhol-interstep-slender-dlya-samsung-galaxy-a7-2018-prozrachnyy-hsd-saga718k-np1100o-k100/;10;/c/aksessuary-dlya-samsung-galaxy/;Аксессуары для Samsung Galaxy;/d/smartfony-i-gadzhety/;Смартфоны и гаджеты
Чехол InterStep Vibe Plus для Samsung Galaxy S8+ Gold (HVP-SAGAS8PK-NP1116O-K100);https://www.eldorado.ru/cat/detail/chekhol-interstep-vibe-plus-dlya-samsung-galaxy-s8-gold-hvp-sagas8pk-np1116o-k100/;10;/c/aksessuary-dlya-samsung-galaxy/;Аксессуары для Samsung Galaxy;/d/smartfony-i-gadzhety/;Смартфоны и гаджеты
Чехол FIFA 2018 Official Emblem для Samsung Galaxy S9 (104721);https://www.eldorado.ru/cat/detail/chekhol-fifa-2018-official-emblem-dlya-samsung-galaxy-s9-104721/;9;/c/aksessuary-dlya-samsung-galaxy/;Аксессуары для Samsung Galaxy;/d/smartfony-i-gadzhety/;Смартфоны и гаджеты
Защитное стекло с рамкой 3D InterStep для Samsung Galaxy S7, черная рамка (IS-TG-SAMS73DBL-000B202);https://www.eldorado.ru/cat/detail/zashchitnoe-steklo-s-ramkoy-3d-interstep-dlya-samsung-galaxy-s7-chernaya-ramka-is-tg-sams73dbl-000b202/;90;/c/aksessuary-dlya-samsung-galaxy/;Аксессуары для Samsung Galaxy;/d/smartfony-i-gadzhety/;Смартфоны и гаджеты
Чехол Cellular Line для Samsung Galaxy J5 2017, прозрачный (SOFTGALJ517T);https://www.eldorado.ru/cat/detail/chekhol-cellular-line-dlya-samsung-galaxy-j5-2017-prozrachnyy-softgalj517t/;9;/c/aksessuary-dlya-samsung-galaxy/;Аксессуары для Samsung Galaxy;/d/smartfony-i-gadzhety/;Смартфоны и гаджеты
Чехол Cellular Line для Samsung Galaxy J7 2017, прозрачный (SOFTGALJ717T);https://www.eldorado.ru/cat/detail/chekhol-cellular-line-dlya-samsung-galaxy-j7-2017-prozrachnyy-softgalj717t/;10;/c/aksessuary-dlya-samsung-galaxy/;Аксессуары для Samsung Galaxy;/d/smartfony-i-gadzhety/;Смартфоны и гаджеты
Чехол InterStep Vibe Plus для Samsung Galaxy A8+ 2018 Black (HVP-SAGAA8PK-NP1101O-K100);https://www.eldorado.ru/cat/detail/chekhol-interstep-vibe-plus-dlya-samsung-galaxy-a8-2018-black-hvp-sagaa8pk-np1101o-k100/;10;/c/aksessuary-dlya-samsung-galaxy/;Аксессуары для Samsung Galaxy;/d/smartfony-i-gadzhety/;Смартфоны и гаджеты
Чехол InterStep Vibe Plus для Samsung Galaxy S9 Black (HVP-SAGALS9K-NP1101O-K100);https://www.eldorado.ru/cat/detail/chekhol-interstep-vibe-plus-dlya-samsung-galaxy-s9-black-hvp-sagals9k-np1101o-k100/;10;/c/aksessuary-dlya-samsung-galaxy/;Аксессуары для Samsung Galaxy;/d/smartfony-i-gadzhety/;Смартфоны и гаджеты
Чехол Samsung Clear Cover для Samsung Galaxy S8+ Gold (EF-QG955CFEGRU);https://www.eldorado.ru/cat/detail/chekhol-samsung-clear-cover-dlya-samsung-galaxy-s8-gold-ef-qg955cfegru/;90;/c/aksessuary-dlya-samsung-galaxy/;Аксессуары для Samsung Galaxy;/d/smartfony-i-gadzhety/;Смартфоны и гаджеты
Чехол FIFA 2018 Zabivaka 2 для Samsung Galaxy S9 (104728);https://www.eldorado.ru/cat/detail/chekhol-fifa-2018-zabivaka-2-dlya-samsung-galaxy-s9-104728/;9;/c/aksessuary-dlya-samsung-galaxy/;Аксессуары для Samsung Galaxy;/d/smartfony-i-gadzhety/;Смартфоны и гаджеты
Чехол Cellular Line для Samsung Galaxy J3 2017, прозрачный (SOFTGALJ317T);https://www.eldorado.ru/cat/detail/chekhol-cellular-line-dlya-samsung-galaxy-j3-2017-prozrachnyy-softgalj317t/;10;/c/aksessuary-dlya-samsung-galaxy/;Аксессуары для Samsung Galaxy;/d/smartfony-i-gadzhety/;Смартфоны и гаджеты
Чехол InterStep Vibe Plus для Samsung Galaxy S8+ Black (HVP-SAGAS8PK-NP1101O-K100);https://www.eldorado.ru/cat/detail/chekhol-interstep-vibe-plus-dlya-samsung-galaxy-s8-black-hvp-sagas8pk-np1101o-k100/;10;/c/aksessuary-dlya-samsung-galaxy/;Аксессуары для Samsung Galaxy;/d/smartfony-i-gadzhety/;Смартфоны и гаджеты
Беспроводное зарядное устройство Samsung EP-N5100 White (EP-N5100BWRGRU);https://www.eldorado.ru/cat/detail/besprovodnoe-zaryadnoe-ustroystvo-samsung-ep-n5100-white-ep-n5100bwrgru/;3590;/c/aksessuary-dlya-samsung-galaxy/;Аксессуары для Samsung Galaxy;/d/smartfony-i-gadzhety/;Смартфоны и гаджеты
Чехол InterStep Sand для Samsung Galaxy S8 Blue (HSN-SAGALS8K-NP1108O-K100);https://www.eldorado.ru/cat/detail/chehol-interstep-sand-dlja-samsung-galaxy-s8-blue-hsn-sagals8k-np1108o-k100/;10;/c/aksessuary-dlya-samsung-galaxy/;Аксессуары для Samsung Galaxy;/d/smartfony-i-gadzhety/;Смартфоны и гаджеты
Чехол InterStep Soft-t Metal для Samsung Galaxy S9+ Violet (HST-SAGAS9PK-NP1107O-K100);https://www.eldorado.ru/cat/detail/chekhol-interstep-soft-t-metal-dlya-samsung-galaxy-s9-violet-hst-sagas9pk-np1107o-k100/;10;/c/aksessuary-dlya-samsung-galaxy/;Аксессуары для Samsung Galaxy;/d/smartfony-i-gadzhety/;Смартфоны и гаджеты
Чехол InterStep Tex-Met для Samsung Galaxy A8+ (2018) Grey (HTM-SAGAA8PK-NP1112O-K100);https://www.eldorado.ru/cat/detail/chekhol-interstep-tex-met-dlya-samsung-galaxy-a8-2018-grey-htm-sagaa8pk-np1112o-k100/;10;/c/aksessuary-dlya-samsung-galaxy/;Аксессуары для Samsung Galaxy;/d/smartfony-i-gadzhety/;Смартфоны и гаджеты
Чехол AnyMode для смартфона Samsung Galaxy A3 Circle View Black (FA00002KBK);https://www.eldorado.ru/cat/detail/chekhol-anymode-dlya-smartfona-samsung-galaxy-a3-circle-view-black-fa00002kbk/;9;/c/aksessuary-dlya-samsung-galaxy/;Аксессуары для Samsung Galaxy;/d/smartfony-i-gadzhety/;Смартфоны и гаджеты
Беспроводное зарядное устройство Samsung Fast Charge EP-P5200 Black (EP-P5200TBRGRU);https://www.eldorado.ru/cat/detail/besprovodnoe-zarjadnoe-ustrojstvo-samsung-fast-charge-ep-p5200-black-ep-p5200tbrgru/;6990;/c/aksessuary-dlya-samsung-galaxy/;Аксессуары для Samsung Galaxy;/d/smartfony-i-gadzhety/;Смартфоны и гаджеты
Чехол Samsung Clear Cover Galaxy A7 Gold (EF-QA710CFEGRU);https://www.eldorado.ru/cat/detail/chekhol-samsung-clear-cover-galaxy-a7-gold-ef-qa710cfegru/;7;/c/aksessuary-dlya-samsung-galaxy/;Аксессуары для Samsung Galaxy;/d/smartfony-i-gadzhety/;Смартфоны и гаджеты
Беспроводное зарядное устройство Samsung Fast Charge EP-P5200 White (EP-P5200TWRGRU);https://www.eldorado.ru/cat/detail/besprovodnoe-zaryadnoe-ustroystvo-samsung-fast-charge-ep-p5200-white-ep-p5200twrgru/;6990;/c/aksessuary-dlya-samsung-galaxy/;Аксессуары для Samsung Galaxy;/d/smartfony-i-gadzhety/;Смартфоны и гаджеты
Кабель Dorten USB Type-C Armor Series 1 м Silver;https://www.eldorado.ru/cat/detail/kabel-dorten-usb-type-c-armor-series-1-m-silver/;1190;/c/aksessuary-dlya-samsung-galaxy/;Аксессуары для Samsung Galaxy;/d/smartfony-i-gadzhety/;Смартфоны и гаджеты
Планшет Samsung Galaxy Tab A 10.1 SM-T515 32Gb LTE Black;https://www.eldorado.ru/cat/detail/planshet-samsung-galaxy-tab-a-10-janv-sm-t515-32gb-lte-black/;17990;/c/vse-planshety/b/SAMSUNG/;Планшеты Samsung;/d/smartfony-i-gadzhety/;Смартфоны и гаджеты
Планшет Samsung Galaxy Tab A 10.1 SM-T515 32Gb LTE Silver;https://www.eldorado.ru/cat/detail/planshet-samsung-galaxy-tab-a-10-janv-sm-t515-32gb-lte-silver/;17990;/c/vse-planshety/b/SAMSUNG/;Планшеты Samsung;/d/smartfony-i-gadzhety/;Смартфоны и гаджеты
Планшет Samsung Galaxy Tab A 10.1 SM-T515 32GB LTE Gold;https://www.eldorado.ru/cat/detail/planshet-samsung-galaxy-tab-a-10-1-sm-t515-32gb-lte-gold/;17990;/c/vse-planshety/b/SAMSUNG/;Планшеты Samsung;/d/smartfony-i-gadzhety/;Смартфоны и гаджеты
Планшет Samsung Galaxy Tab A 10.5 32GB LTE Black (SM-T595NZKASER);https://www.eldorado.ru/cat/detail/planshet-samsung-galaxy-tab-a-10-maj-32gb-lte-black-sm-t595nzkaser/;24990;/c/vse-planshety/b/SAMSUNG/;Планшеты Samsung;/d/smartfony-i-gadzhety/;Смартфоны и гаджеты
Планшет Samsung Galaxy Tab A 10.5 32GB LTE Gray (SM-T595NZAASER);https://www.eldorado.ru/cat/detail/planshet-samsung-galaxy-tab-a-10-5-32gb-lte-gray-sm-t595nzaaser/;24990;/c/vse-planshety/b/SAMSUNG/;Планшеты Samsung;/d/smartfony-i-gadzhety/;Смартфоны и гаджеты
Планшет Samsung Galaxy Tab A 8.0 2017 SM-T385 16GB LTE Black;https://www.eldorado.ru/cat/detail/planshet-samsung-galaxy-tab-a-8-0-2017-sm-t385-16gb-lte-black/;16490;/c/vse-planshety/b/SAMSUNG/;Планшеты Samsung;/d/smartfony-i-gadzhety/;Смартфоны и гаджеты
Планшет Samsung Galaxy Tab A 8.0 LTE 32GB Black (SM-T295);https://www.eldorado.ru/cat/detail/planshet-samsung-galaxy-tab-a-8-0-lte-32gb-black-sm-t295/;11990;/c/vse-planshety/b/SAMSUNG/;Планшеты Samsung;/d/smartfony-i-gadzhety/;Смартфоны и гаджеты
Планшет Samsung Galaxy Tab A 8.0 LTE 32Gb Silver (SM-T295);https://www.eldorado.ru/cat/detail/planshet-samsung-galaxy-tab-a-8-0-lte-32gb-silver-sm-t295/;11990;/c/vse-planshety/b/SAMSUNG/;Планшеты Samsung;/d/smartfony-i-gadzhety/;Смартфоны и гаджеты
Планшет Samsung Galaxy Tab S6 10.5 LTE Gray (SM-T865);https://www.eldorado.ru/cat/detail/planshet-samsung-galaxy-tab-s6-10-5-lte-gray-sm-t865/;59990;/c/vse-planshety/b/SAMSUNG/;Планшеты Samsung;/d/smartfony-i-gadzhety/;Смартфоны и гаджеты
Планшет Samsung Galaxy Tab S5e SM-T725 64Gb Black;https://www.eldorado.ru/cat/detail/planshet-samsung-galaxy-tab-s5e-sm-t725-64gb-black/;39990;/c/vse-planshety/b/SAMSUNG/;Планшеты Samsung;/d/smartfony-i-gadzhety/;Смартфоны и гаджеты
Планшет Samsung Galaxy Tab S5e SM-T725 64Gb Silver;https://www.eldorado.ru/cat/detail/planshet-samsung-galaxy-tab-s5e-sm-t725-64gb-silver/;39990;/c/vse-planshety/b/SAMSUNG/;Планшеты Samsung;/d/smartfony-i-gadzhety/;Смартфоны и гаджеты
Планшет Samsung Galaxy Tab A 10.5 WiFi Black (SM-T590);https://www.eldorado.ru/cat/detail/planshet-samsung-galaxy-tab-a-10-5-wifi-black-sm-t590/;21990;/c/vse-planshety/b/SAMSUNG/;Планшеты Samsung;/d/smartfony-i-gadzhety/;Смартфоны и гаджеты
Планшет Samsung Galaxy Tab S6 10.5 LTE Blue (SM-T865);https://www.eldorado.ru/cat/detail/planshet-samsung-galaxy-tab-s6-10-5-lte-blue-sm-t865/;59990;/c/vse-planshety/b/SAMSUNG/;Планшеты Samsung;/d/smartfony-i-gadzhety/;Смартфоны и гаджеты
Планшет Samsung Galaxy Tab S6 10.5 Wi-Fi Gray (SM-T860);https://www.eldorado.ru/cat/detail/planshet-samsung-galaxy-tab-s6-10-5-wi-fi-gray-sm-t860/;52990;/c/vse-planshety/b/SAMSUNG/;Планшеты Samsung;/d/smartfony-i-gadzhety/;Смартфоны и гаджеты
Планшет Samsung Galaxy Tab S5e SM-T725 64Gb Gold;https://www.eldorado.ru/cat/detail/planshet-samsung-galaxy-tab-s5e-sm-t725-64gb-gold/;39990;/c/vse-planshety/b/SAMSUNG/;Планшеты Samsung;/d/smartfony-i-gadzhety/;Смартфоны и гаджеты
Планшет Samsung Galaxy Tab S6 10.5 Wi-Fi Brown (SM-T860);https://www.eldorado.ru/cat/detail/planshet-samsung-galaxy-tab-s6-10-5-wi-fi-brown-sm-t860/;52990;/c/vse-planshety/b/SAMSUNG/;Планшеты Samsung;/d/smartfony-i-gadzhety/;Смартфоны и гаджеты
Планшет Samsung Galaxy Tab S6 10.5 LTE Brown (SM-T865);https://www.eldorado.ru/cat/detail/planshet-samsung-galaxy-tab-s6-10-5-lte-brown-sm-t865/;59990;/c/vse-planshety/b/SAMSUNG/;Планшеты Samsung;/d/smartfony-i-gadzhety/;Смартфоны и гаджеты
Планшет Samsung Galaxy Tab A 10.1 SM-T585 16Gb LTE Blue;https://www.eldorado.ru/cat/detail/planshet-samsung-galaxy-tab-a-10-1-sm-t585-16gb-lte-blue/;14990;/c/vse-planshety/b/SAMSUNG/;Планшеты Samsung;/d/smartfony-i-gadzhety/;Смартфоны и гаджеты
Планшет Samsung Galaxy Tab A 7.0 SM-T285 8Gb LTE Silver;https://www.eldorado.ru/cat/detail/planshet-samsung-galaxy-tab-a-7-0-sm-t285-8gb-lte-silver/;9990;/c/vse-planshety/b/SAMSUNG/;Планшеты Samsung;/d/smartfony-i-gadzhety/;Смартфоны и гаджеты
Планшет Samsung Galaxy Tab A 10.1 SM-T585 16Gb LTE Black;https://www.eldorado.ru/cat/detail/planshet-samsung-galaxy-tab-a-10-janv-sm-t585-16gb-lte-black/;14990;/c/vse-planshety/b/SAMSUNG/;Планшеты Samsung;/d/smartfony-i-gadzhety/;Смартфоны и гаджеты
Планшет Samsung Galaxy Tab S4 10.5 SM-T835 64GB LTE Silver;https://www.eldorado.ru/cat/detail/planshet-samsung-galaxy-tab-s4-10-5-sm-t835-64gb-lte-silver/;52990;/c/vse-planshety/b/SAMSUNG/;Планшеты Samsung;/d/smartfony-i-gadzhety/;Смартфоны и гаджеты
Планшет Samsung Galaxy Tab E 3G 8GB Black (SM-T561NZKASER);https://www.eldorado.ru/cat/detail/planshet-samsung-galaxy-tab-e-3g-8gb-black-sm-t561nzkaser/;12490;/c/vse-planshety/b/SAMSUNG/;Планшеты Samsung;/d/smartfony-i-gadzhety/;Смартфоны и гаджеты
Планшет Samsung Galaxy Tab A 7.0 SM-T285 8Gb LTE Black;https://www.eldorado.ru/cat/detail/planshet-samsung-galaxy-tab-a-7-0-sm-t285-8gb-lte-black/;9990;/c/vse-planshety/b/SAMSUNG/;Планшеты Samsung;/d/smartfony-i-gadzhety/;Смартфоны и гаджеты
Планшет Samsung Galaxy Tab A 8.0 2017 SM-T385 16GB LTE Gold;https://www.eldorado.ru/cat/detail/planshet-samsung-galaxy-tab-a-8-0-2017-sm-t385-16gb-lte-gold/;16490;/c/vse-planshety/b/SAMSUNG/;Планшеты Samsung;/d/smartfony-i-gadzhety/;Смартфоны и гаджеты
Планшет Samsung Galaxy Tab E 3G 8GB White (SM-T561NZWASER);https://www.eldorado.ru/cat/detail/planshet-samsung-galaxy-tab-e-3g-8gb-white-sm-t561nzwaser/;12490;/c/vse-planshety/b/SAMSUNG/;Планшеты Samsung;/d/smartfony-i-gadzhety/;Смартфоны и гаджеты
Планшет Samsung Galaxy Tab S4 10.5 SM-T835 64GB LTE Black;https://www.eldorado.ru/cat/detail/planshet-samsung-galaxy-tab-s4-10-5-sm-t835-64gb-lte-black/;52990;/c/vse-planshety/b/SAMSUNG/;Планшеты Samsung;/d/smartfony-i-gadzhety/;Смартфоны и гаджеты
Планшет Samsung Galaxy Tab A 10.5 WiFi Gray (SM-T590);https://www.eldorado.ru/cat/detail/planshet-samsung-galaxy-tab-a-10-5-wifi-gray-sm-t590/;21990;/c/vse-planshety/b/SAMSUNG/;Планшеты Samsung;/d/smartfony-i-gadzhety/;Смартфоны и гаджеты
